
[1m== sanitizers job (ASan, no-GUI): configure ==[0m
Enabling CAPSTONE_ARM_SUPPORT
Enabling CAPSTONE_ARM64_SUPPORT
Enabling CAPSTONE_M68K_SUPPORT
Enabling CAPSTONE_MIPS_SUPPORT
Enabling CAPSTONE_PPC_SUPPORT
Enabling CAPSTONE_SPARC_SUPPORT
Enabling CAPSTONE_SYSZ_SUPPORT
Enabling CAPSTONE_XCORE_SUPPORT
Enabling CAPSTONE_X86_SUPPORT
Enabling CAPSTONE_TMS320C64X_SUPPORT
Enabling CAPSTONE_M680X_SUPPORT
Enabling CAPSTONE_EVM_SUPPORT
Enabling CAPSTONE_MOS65XX_SUPPORT
Enabling CAPSTONE_WASM_SUPPORT
Enabling CAPSTONE_BPF_SUPPORT
Enabling CAPSTONE_RISCV_SUPPORT
Enabling CAPSTONE_SH_SUPPORT
Enabling CAPSTONE_TRICORE_SUPPORT
CMake Deprecation Warning at build-ci-asan/_deps/keystone-src/CMakeLists.txt:4 (cmake_minimum_required):
  Compatibility with CMake < 3.10 will be removed from a future version of
  CMake.

  Update the VERSION argument <min> value.  Or, use the <min>...<max> syntax
  to tell CMake that the project requires at least <min> but has been updated
  to work with policies introduced by <max> or earlier.


CMake Deprecation Warning at build-ci-asan/_deps/keystone-src/llvm/CMakeLists.txt:3 (cmake_minimum_required):
  Compatibility with CMake < 3.10 will be removed from a future version of
  CMake.

  Update the VERSION argument <min> value.  Or, use the <min>...<max> syntax
  to tell CMake that the project requires at least <min> but has been updated
  to work with policies introduced by <max> or earlier.


CMake Warning (dev) at build-ci-asan/_deps/keystone-src/llvm/CMakeLists.txt:338 (include):
  Policy CMP0148 is not set: The FindPythonInterp and FindPythonLibs modules
  are removed.  Run "cmake --help-policy CMP0148" for policy details.  Use
  the cmake_policy command to set the policy and suppress this warning.

This warning is for project developers.  Use -Wno-dev to suppress it.

[32m✓ configured (Qt disabled, as in CI)[0m

[1m== sanitizers job: build test targets (instrumented) ==[0m
[32m✓ built[0m

[1m== sanitizers job: run suite under ASan + UBSan ==[0m
[32m✓ suite passed under ASan+UBSan[0m
[32m✓ target compatibility under ASan+UBSan[0m
[32m✓ GDB transport and shared adapter under ASan+UBSan[0m
OK: native matching debuglink resolves stripped static symbols at the correct base
OK: native mismatched full-file checksum rejects an otherwise readable symbol table
OK: native a wrong adjacent file does not hide the matching .debug fallback
OK: native the .debug sidecar works without an adjacent copy
OK: native a missing separate file keeps stripped symbols unavailable
OK: native a missing checksum is rejected
OK: native a truncated checksum is rejected
OK: native debuglink directory traversal is rejected even with a matching checksum
OK: native valid debuglink remains usable after malformed inputs
OK: native a checksummed sidecar for a different ISA is rejected
OK: native a matching sidecar larger than the checksum buffer resolves
OK: native checksum validation includes bytes after the last full buffer
OK: i386 matching debuglink resolves stripped static symbols at the correct base
OK: i386 mismatched full-file checksum rejects an otherwise readable symbol table
OK: i386 a wrong adjacent file does not hide the matching .debug fallback
OK: i386 the .debug sidecar works without an adjacent copy
OK: i386 a missing separate file keeps stripped symbols unavailable
OK: i386 a missing checksum is rejected
OK: i386 a truncated checksum is rejected
OK: i386 debuglink directory traversal is rejected even with a matching checksum
OK: i386 valid debuglink remains usable after malformed inputs
OK: i386 a checksummed sidecar for a different ISA is rejected
OK: i386 a matching sidecar larger than the checksum buffer resolves
OK: i386 checksum validation includes bytes after the last full buffer
[32m✓ verified separate ELF debug files under ASan+UBSan[0m
OK: lifecycle stepping attaches and traps the selected native instruction
OK: the selected task reaches its real instruction with the thread group frozen
OK: the fixture publishes its original console work before the trapped exit
OK: an exiting step selects a real surviving register bank without inventing a single-step result
OK: the surviving debugger remains editable and restores the complete shared exit trap
OK: native stepping continues on the explicitly selected live sibling after task exit
OK: task-exit cleanup resumes the original console and releases the surviving kernel stop
OK: leader exit during an all-stop step completes without waiting for stopped siblings
OK: lifecycle stepping attaches and traps the selected native instruction
OK: the selected task reaches its real instruction with the thread group frozen
OK: the fixture publishes its original console work before the trapped exit
OK: an exiting step selects a real surviving register bank without inventing a single-step result
OK: the surviving debugger remains editable and restores the complete shared exit trap
OK: native stepping continues on the explicitly selected live sibling after task exit
OK: task-exit cleanup resumes the original console and releases the surviving kernel stop
OK: worker exit during an all-stop step retires its selected context
OK: lifecycle stepping attaches and traps the selected native instruction
OK: the selected task reaches its real instruction with the thread group frozen
OK: stepping the final thread's exit publishes process exit and retires the stopped snapshot
OK: last-thread exit during an all-stop step publishes its terminal event
OK: lifecycle stepping attaches and traps the selected native instruction
OK: the selected task reaches its real instruction with the thread group frozen
OK: the fixture publishes its original console work before the trapped exit
OK: a failed EXIT-stop detach retains the actual owner and frozen siblings without publishing completion
OK: process metadata and thread selection omit the irreversibly exiting leader before it becomes a zombie
OK: EXIT-stop recovery retries detach and rearms the original shared instruction before reporting the survivor
OK: an exiting step selects a real surviving register bank without inventing a single-step result
OK: the surviving debugger remains editable and restores the complete shared exit trap
OK: native stepping continues on the explicitly selected live sibling after task exit
OK: task-exit cleanup resumes the original console and releases the surviving kernel stop
OK: failed thread-exit detach is recoverable on the original debugger owner
OK: lifecycle stepping attaches and traps the selected native instruction
OK: the selected task reaches its real instruction with the thread group frozen
OK: stepping a genuine program INT1 or BRK preserves its signal instead of inventing syscall completion
OK: the original program trap is delivered and its actual process exit remains observable
OK: real program traps stay distinct from kernel syscall-step notifications
OK: lifecycle stepping attaches and traps the selected native instruction
OK: the selected task reaches its real instruction with the thread group frozen
OK: the fixture publishes its original console work before the trapped exit
OK: a nonleader exec drains sibling EXIT stops, adopts the renamed task and retires old-image traps
OK: the replacement program starts and completes console work after an all-stop nonleader exec step
OK: a nonleader exec step completes despite sibling exit and kernel TID replacement
OK: instruction tracing recognizes an actual native syscall-return step trap
OK: syscall tracing preserves its real return value and original console liveness
OK: native syscall instruction tracing restores its owner and preserves the program
OK: a debugger's parent process launches its own real target
OK: the debugger callback establishes the requested running or paused state before the launcher competes for notifications
OK: the launcher consumes the actual requested stop notification while the debugger retains ownership
OK: debugger cleanup releases an EXIT stop whose wait notification was consumed by its launcher
OK: same-process child reaping cannot deadlock debugger destruction
OK: a debugger's parent process launches its own real target
OK: the debugger callback establishes the requested running or paused state before the launcher competes for notifications
OK: the launcher consumes the actual requested stop notification while the debugger retains ownership
OK: a running debugger reports final exit automatically after its launcher consumes the EXIT notification
OK: debugger cleanup releases an EXIT stop whose wait notification was consumed by its launcher
OK: same-process child reaping preserves automatic final-exit notification
OK: a debugger's parent process launches its own real target
OK: the debugger callback establishes the requested running or paused state before the launcher competes for notifications
OK: the launcher consumes the actual requested stop notification while the debugger retains ownership
OK: a running debugger automatically releases a worker EXIT stop consumed by its launcher without stopping the survivor
OK: automatic worker-exit retirement preserves shared code and the original console work
OK: debugger cleanup releases an EXIT stop whose wait notification was consumed by its launcher
OK: same-process child reaping preserves automatic worker-exit retirement and target liveness
OK: a debugger's parent process launches its own real target
OK: the debugger callback establishes the requested running or paused state before the launcher competes for notifications
OK: the launcher consumes the actual requested stop notification while the debugger retains ownership
OK: failed automatic EXIT-stop detach retains the original owner and freezes the surviving thread for recovery
OK: automatic EXIT-stop recovery publishes the actual surviving register bank only after owned cleanup completes
OK: automatic worker-exit retirement preserves shared code and the original console work
OK: debugger cleanup releases an EXIT stop whose wait notification was consumed by its launcher
OK: same-process child reaping preserves recoverable automatic EXIT-stop cleanup
OK: a debugger's parent process launches its own real target
OK: the debugger callback establishes the requested running or paused state before the launcher competes for notifications
OK: the launcher consumes the actual requested stop notification while the debugger retains ownership
OK: a consumed program-trap notification still publishes its actual signal and fresh stopped register bank
OK: continuing a consumed program-trap stop delivers the original fatal signal exactly once
OK: debugger cleanup releases an EXIT stop whose wait notification was consumed by its launcher
OK: same-process child reaping preserves genuine program-trap handling and delivery
OK: a debugger's parent process launches its own real target
OK: the debugger callback establishes the requested running or paused state before the launcher competes for notifications
OK: the launcher consumes the actual requested stop notification while the debugger retains ownership
OK: a consumed CLONE notification still adopts and runs the real worker to completion
OK: a consumed CLONE stop restores every original shared syscall instruction byte
OK: the original parent console remains live after consumed CLONE and real worker exit
OK: debugger cleanup releases an EXIT stop whose wait notification was consumed by its launcher
OK: same-process child reaping preserves real CLONE adoption and worker execution
OK: a debugger's parent process launches its own real target
OK: the debugger callback establishes the requested running or paused state before the launcher competes for notifications
OK: the launcher consumes the actual requested stop notification while the debugger retains ownership
OK: a consumed EXEC notification retires old-image traps and publishes the replacement kernel register bank
OK: the replacement program starts and completes original console work after a consumed EXEC stop
OK: debugger cleanup releases an EXIT stop whose wait notification was consumed by its launcher
OK: same-process child reaping preserves actual EXEC adoption and replacement-image liveness
OK: a debugger's parent process launches its own real target
OK: the debugger callback establishes the requested running or paused state before the launcher competes for notifications
OK: the paused target is killed while its EXIT wait notification remains available to the debugger
OK: a paused debugger reports final exit automatically whether its launcher consumes the EXIT notification or leaves it queued
OK: debugger cleanup releases an EXIT stop whose wait notification was consumed by its launcher
OK: paused target death is observable without requiring another debugger command
OK: a debugger's parent process launches its own real target
OK: the debugger callback establishes the requested running or paused state before the launcher competes for notifications
OK: the launcher consumes the actual requested stop notification while the debugger retains ownership
OK: a paused debugger reports final exit automatically whether its launcher consumes the EXIT notification or leaves it queued
OK: debugger cleanup releases an EXIT stop whose wait notification was consumed by its launcher
OK: paused target death is observable without requiring another debugger command
OK: a same-process launcher publishes its real nonleader-exec target
OK: nonleader exec replaces its real TID while the owner is held after the actual leader detach
OK: the parent consumes the actual nonleader EXEC report at its replacement process TID
OK: the debugger recovers a consumed nonleader EXEC and adopts its actual replacement thread
OK: recovered nonleader EXEC retires old-image traps without replaying them into the replacement program
OK: a recovered nonleader replacement image starts and completes its original console work
OK: the recovered replacement process exits normally without retaining a kernel owner
OK: same-process child reaping preserves nonleader EXEC across kernel TID replacement
OK: a same-process launcher publishes its real nonleader-exec target
OK: the actual nonleader exec instruction is selected with its sibling frozen before an all-stop step
OK: nonleader exec replaces its real TID while the owner is held after the actual leader detach
OK: the parent consumes the actual nonleader EXEC report at its replacement process TID
OK: the debugger recovers a consumed nonleader EXEC and adopts its actual replacement thread
OK: recovered nonleader EXEC retires old-image traps without replaying them into the replacement program
OK: a recovered nonleader replacement image starts and completes its original console work
OK: the recovered replacement process exits normally without retaining a kernel owner
OK: same-process child reaping preserves nonleader EXEC across kernel TID replacement
OK: a same-process launcher publishes its real nonleader-exec target
OK: nonleader exec replaces its real TID while the owner is held after the actual leader detach
OK: the parent consumes the actual nonleader EXEC report at its replacement process TID
OK: the debugger recovers a consumed nonleader EXEC and adopts its actual replacement thread
OK: an actual exec with a failed context read still notifies image retirement without retaining an old register bank
OK: the existing exec owner retries a transient context read and exposes the real replacement register bank
OK: recovered nonleader EXEC retires old-image traps without replaying them into the replacement program
OK: a recovered nonleader replacement image starts and completes its original console work
OK: the recovered replacement process exits normally without retaining a kernel owner
OK: same-process child reaping preserves nonleader EXEC across kernel TID replacement
SESSION_THREAD_EXIT_RESULT=PASSED
OK: x64 syscall plan uses its Linux number and opcode
OK: compat mode in an ELF64 host uses mmap2 and the signed fd sentinel
OK: x32 retains a 64-bit result register and its separate syscall-number bit
OK: 32-bit syscall arguments cannot silently truncate addresses or lengths
OK: ARM and Thumb plans have distinct instruction widths
OK: ARM instruction byte order is independent of target data byte order
OK: unknown ARM instruction order cannot select an opcode
OK: ARM64 syscall plan uses svc zero and the native mmap number
OK: a Windows or unknown program descriptor cannot masquerade as a Linux syscall host
OK: real native syscall fixture starts
OK: fixture ELF declares the actual syscall ABI
SYSCALL_TARGET architecture=x86-64 abi=Linux x86-64 width=8 pageSize=4096
SYSCALL_KERNEL release=7.1.8-200.fc44.x86_64 machine=x86_64
OK: original target instructions are readable
OK: target mmap executes using its native register and syscall ABI
OK: allocated target memory is observable through real process_vm access
OK: target mprotect removes write access
OK: target munmap removes the allocated mapping
OK: syscall injection leaves original target instructions unchanged
OK: syscall restart state survives repeated attach/inject/restore/detach
OK: target mmap executes using its native register and syscall ABI
OK: allocated target memory is observable through real process_vm access
OK: target mprotect removes write access
OK: target munmap removes the allocated mapping
OK: syscall injection leaves original target instructions unchanged
OK: syscall restart state survives repeated attach/inject/restore/detach
OK: target mmap executes using its native register and syscall ABI
OK: allocated target memory is observable through real process_vm access
OK: target mprotect removes write access
OK: target munmap removes the allocated mapping
OK: syscall injection leaves original target instructions unchanged
OK: syscall restart state survives repeated attach/inject/restore/detach
OK: kernel syscall errors preserve target liveness and report the actual errno
OK: unmapping the current syscall instruction is rejected before any mutation
OK: removing execute access from the current syscall page preserves liveness
OK: application process API executes allocation/protection/free through the owner service
OK: a rejected low-address near-allocation candidate falls back to a usable gap
OK: application API exposes retained recovery after a real kernel restoration failure
OK: a new process handle recovers the original ptrace owner and cleans its unreturned allocation
OK: caller destruction retains the completed allocation until it is actually unmapped
OK: independent frontend threads share syscall ownership without conflicting ptrace attachment
OK: zero-size and overflowing application requests are rejected before target mutation
OK: service shutdown fixture has a stable target identity
OK: isolated service owns a real pending restoration at shutdown
OK: service shutdown finishes restoration and allocation cleanup on the original owner thread
OK: real completed mmap retains its allocation and a recovery ticket on restoration failure
OK: a different thread cannot replay a ptrace owner's recovery record
OK: recovery restores the actual target and is idempotent
OK: target continues executing after verified recovery
OK: completed-but-unreturned mmap can be cleaned up after recovery
OK: busy-code restoration fixture receives its command
OK: busy-code fixture publishes its wait flag
OK: code-restoration fault owns the only stopped thread before patching its busy instruction
OK: real completed mmap retains its allocation and a recovery ticket on restoration failure
OK: a different thread cannot replay a ptrace owner's recovery record
OK: recovery restores the actual target and is idempotent
OK: quiesced instruction recovery retains attachment until the original owner detaches
OK: restored busy-code target can leave its wait loop
OK: target continues executing after verified recovery
OK: completed-but-unreturned mmap can be cleaned up after recovery
OK: real completed mmap retains its allocation and a recovery ticket on restoration failure
OK: a different thread cannot replay a ptrace owner's recovery record
OK: recovery restores the actual target and is idempotent
OK: target continues executing after verified recovery
OK: completed-but-unreturned mmap can be cleaned up after recovery
OK: same-file exec fixture starts
OK: same-file exec fixture retains its original memory image
OK: original image is restored before fixture exec
OK: target really execs the same ELF file on the same PID
OK: same-file exec cannot be detected by PID/start-time/executable-inode alone
OK: old memory-image ownership rejects cleanup into a same-file replacement process
OK: separate target starts for exit during recovery
OK: exiting target retains a real failed-restoration record
OK: stopped recovery target can exit normally through the kernel
OK: exit clears recovery ownership without replaying dead registers or memory
OK: a real user SIGTRAP is delivered rather than swallowed as a single-step trap
OK: native debugger fixture starts
OK: native fixture seeds independent low and high SIMD register sentinels
OK: native debugger seizes a syscall-parked thread without a signal
OK: register context identifies the stopped thread ISA and native PC/SP
OK: native SIMD register bank is read through its architecture ABI
OK: SIMD reads preserve the fixture's independent 128-bit low and high register values
OK: native register edits reach the actual kernel register bank
OK: original register bank is restored before target execution
OK: a rejected register write restores earlier fields rather than leaving a partial kernel update
OK: a foreign register context cannot corrupt a stopped thread
OK: kernel reports the native hardware breakpoint bank
OK: an invalid breakpoint slot is rejected without changing another slot
OK: native hardware execution breakpoint arms at the real writer function
OK: execution breakpoint traps at the exact native instruction address
OK: native execution breakpoint is removed from its own bank
OK: a real hardware programming failure restores and verifies the previous native slot
OK: a failed hardware rollback is reported while ptrace ownership remains retained
OK: explicit recovery restores the saved native hardware bank before execution
OK: recovered breakpoint ownership can be released
OK: native single-step advances a real instruction and captures the new PC
OK: single-stepped writer completes before a separate watchpoint operation
OK: native debugger interrupts the running target without SIGSTOP
OK: native four-byte hardware write watchpoint arms at the actual data address
OK: a native write produces a genuine hardware-watchpoint trap
OK: native watchpoint reports the correct watched access and architecture timing
HARDWARE_WATCHPOINT timing=after-access
OK: watchpoint removal and status cleanup succeed before detach
OK: stepping with the watchpoint removed completes the actual native store
OK: target completes its command after native debugger detach
OK: target keeps executing with its original registers and no residual breakpoint
OK: same target can reattach for native software-breakpoint checks
OK: software-breakpoint fixture retains its exact original instruction bytes
OK: failed software-breakpoint verification retains the original bytes and recovery record
OK: software-breakpoint recovery restores real target code before another operation
OK: architecture-specific software trap installs on read-only executable code
OK: native software trap fires with the correct architecture-specific PC semantics
OK: software breakpoint restores exact code and adjacent bytes, and cleanup is idempotent
OK: restored original instruction executes after the software trap is removed
OK: target completes the original writer after software-breakpoint recovery and detach
OK: target stays live after both native software and hardware breakpoint cycles
DEBUG_BACKEND_RESULT=PASSED architecture=x86-64
OK: full debugger session fixture exposes actual code and call sites
OK: full session fixture seeds native SIMD values before attachment
OK: application DebugSession attaches through its real owner thread and all-stop loop
OK: full session publishes the actual ISA and complete native SIMD register bank
OK: frontend register edits execute on the session owner and restore the original bank
OK: full session retains a failed software installation and its original code
OK: full session retries failed code restoration on the same ptrace owner
OK: full session installs its native software breakpoint
OK: full event loop attributes the software trap and restores the correct native PC
OK: full session steps the original instruction and rearms the software breakpoint
OK: session removal restores all native instruction bytes and their neighbors
OK: target completes its original writer after session single-step
OK: full session preserves a separate watchpoint in another native slot
OK: full session arms a data watchpoint while the target is running
OK: full session attributes the actual native hardware watchpoint
OK: continuing a native watchpoint executes its store without retrapping or losing liveness
OK: full session attributes the actual native hardware watchpoint
OK: continuing a native watchpoint executes its store without retrapping or losing liveness
OK: full session attributes the actual native hardware watchpoint
OK: continuing a native watchpoint executes its store without retrapping or losing liveness
OK: session follows a newly cloned writer thread and stops the whole target at its watchpoint
OK: full session can inspect and select both stopped thread register banks
OK: new writer thread continues and exits after its native watchpoint
OK: full session removes the native data watchpoint from every traced thread
OK: removing one native watchpoint preserves the independently owned slot until its removal
OK: full session stops at the real native call instruction
OK: step-over decodes the target ISA and completes at the native call return address
OK: native call breakpoint removes cleanly after step-over
OK: native caller completes after step-over without code or stack corruption
OK: entry step-out uses the native saved return register or stack slot
OK: native caller keeps executing after callee step-out
OK: run-to-cursor executes and restores its architecture-specific temporary breakpoint
OK: native return instruction executes after temporary breakpoint cleanup
OK: exec discards old breakpoint ownership without writing old code into the replacement image
OK: replacement program starts after the full debugger exec stop
OK: replacement program runs with no residual old-image breakpoint
OK: full session detach drains restoration on its original owner thread
OK: target remains live after full session detach and exec transition
DEBUG_SESSION_RESULT=PASSED architecture=x86-64
OK: session interrupted-step fixture starts
OK: session reaches an owned trap before an interrupted instruction step
OK: a signal during single-step keeps the target stopped until software traps are safely rearmed
OK: continuing an interrupted step forwards its signal and executes the original instruction
OK: interrupted-step breakpoint cleanup succeeds
OK: session destruction fixture starts
OK: session owns a planted trap before caller destruction
OK: caller destruction retains ptrace ownership until failed code cleanup can be verified
OK: session destruction retries and verifies the exact original instruction bytes
OK: target remains live after session destruction and failed cleanup recovery
OK: session signal-delivery fixture starts
OK: full session attaches before testing a genuine user signal
OK: a genuine user SIGTRAP is surfaced without being confused with an owned breakpoint
OK: continuing an exception breakpoint preserves genuine signal delivery and process-exit notification
DEBUG_RECOVERY_RESULT=PASSED
OK: native instruction-trace fixture starts
OK: instruction tracing reports readiness only after native execution breakpoints are armed
OK: overlapping trace requests cannot reset cancellation or seize a second owner
OK: real instruction tracing publishes native PCs, register banks and decoded instructions
OK: instruction tracing restores native hardware state and leaves the writer alive
OK: instruction trace steps over native calls and stops at the requested return instruction
OK: native call trace restores its temporary execution breakpoint without stack corruption
OK: waiting instruction trace cancels and drains its ptrace owner
OK: target continues after cancelling an armed instruction trace
OK: failed trace hardware cleanup retains the real ptrace stop and its original bank
OK: trace cleanup retries on its owner and leaves no residual execution breakpoint
OK: instruction tracing adopts and arms a newly cloned writer before its first instruction
OK: new writer exits and target stays live after cloned-thread trace cleanup
OK: exec ends an armed trace and discards old-image hardware restoration records
OK: replacement image runs after trace exec without an old-image breakpoint
OK: exit during failed trace cleanup retires ownership without hanging on a dead register bank
OK: an armed trace forwards genuine user SIGTRAP rather than swallowing it as its own breakpoint
TRACE_BACKEND_RESULT=PASSED architecture=x86-64
OK: native CodeFinder fixture starts
OK: fixture exposes an independently decoded native store instruction
OK: CodeFinder fixture retains occupied and previously configured disabled slots before monitoring
OK: real CodeFinder arms native data banks before reporting startup success
OK: target completes a native store while CodeFinder records and rearms its watchpoint
OK: target completes a native store while CodeFinder records and rearms its watchpoint
OK: target completes a native store while CodeFinder records and rearms its watchpoint
OK: CodeFinder reports the exact native store and correct pre/post-access register timing
OK: CodeFinder arms a newly cloned writer before its first store and lets it exit
OK: CodeFinder attributes cloned-thread accesses to the same real writer instruction
OK: CodeFinder restores every original native bank and detaches without a residual watchpoint
OK: CodeFinder preserves the independent slot exactly and restores all addresses and enable/control state
OK: ARM64 hardware cleanup does not create unused later-slot perf events
OK: independently owned test watchpoint removes cleanly after CodeFinder restoration
OK: failed CodeFinder cleanup keeps its owner, stopped target and exact original hardware bank
OK: CodeFinder retries failed hardware restoration before releasing the target
OK: failed CodeFinder startup retains cleanup ownership after a partially written bank
OK: failed CodeFinder startup restores the target before returning failure
OK: CodeFinder ends on exec without replaying old-image debug banks
OK: replacement image runs without an old-image CodeFinder watchpoint
OK: CodeFinder preserves genuine user SIGTRAP delivery instead of swallowing the signal
OK: target exit drains failed CodeFinder cleanup without hanging on a dead bank
CODEFINDER_BACKEND_RESULT=PASSED architecture=x86-64
OK: stopped native syscall fixture starts
OK: stopped syscall fixture owns a private executable scratch page
OK: an initialization error reported after real target mutation restores every native register, syscall slot and instruction before returning ownership
OK: an initialization error reported after real target mutation restores every native register, syscall slot and instruction before returning ownership
OK: stopped syscall uses the native register ABI and really changes target protection
OK: private-gadget syscall restores native registers, shared code and the existing ptrace relationship
OK: stopped syscall failure retains exact register recovery and the completed protection result
OK: stopped syscall recovery restores on the existing owner without detaching it
OK: quiesced syscall releases its scratch page and restores exact shared program instructions
OK: stopped syscall scratch cleanup and detach preserve the original blocked-read restart state
STOPPED_SYSCALL_RESULT=PASSED architecture=x86-64
OK: native software CodeFinder fixture starts
OK: software CodeFinder arms its real native page guard before startup succeeds
OK: software watchpoint executes a native store and rearms its page guard without losing liveness
OK: software watchpoint executes a native store and rearms its page guard without losing liveness
OK: software watchpoint executes a native store and rearms its page guard without losing liveness
OK: software CodeFinder records the native faulting store and its register context
OK: software CodeFinder follows a newly cloned writer without exposing an untraced page fault
OK: software CodeFinder restores exact page permissions and releases its syscall scratch mapping before detach
OK: software cleanup retains native register recovery and the real stopped-thread owner
OK: software cleanup retries native restoration and leaves no permission or mapping residue
OK: software CodeFinder retires old page/scratch ownership on exec without changing the replacement image
OK: replacement program executes after software watchpoint exec cleanup
SOFTWARE_CODEFINDER_RESULT=PASSED architecture=x86-64
OK: hardware job-control fixture arms
OK: CodeFinder preserves a real group stop while a requested write stays pending
OK: SIGCONT resumes the target and native monitoring still records its pending store
OK: detaching CodeFinder preserves the target's preexisting job-control stop
OK: the detached target runs normally after its owner sends SIGCONT
OK: software job-control fixture arms
OK: CodeFinder preserves a real group stop while a requested write stays pending
OK: SIGCONT resumes the target and native monitoring still records its pending store
OK: detaching CodeFinder preserves the target's preexisting job-control stop
OK: the detached target runs normally after its owner sends SIGCONT
OK: a real ignored signal during software gadget execution survives cleanup and the original store completes
OK: signal-interrupted software watchpoint cleanup leaves no page guard or scratch residue
CODEFINDER_SIGNAL_RESULT=PASSED architecture=x86-64
OK: leader-exit fixture publishes its actual target format and memory
OK: the actual kernel retires the leader while its console sibling remains alive
OK: existing and newly opened handles retain real metadata after leader exit
OK: process reads use a live member after the group leader releases its memory
OK: process writes preserve original console work after leader exit
OK: batched scanner reads follow the live address space after leader exit
OK: memory maps, module backing files and surviving threads remain available
OK: selected-thread inspection reads the surviving thread and releases its real stop
OK: process-level memory allocation selects a live thread after leader exit
OK: live-thread memory operations preserve protection, remove allocations and resume console work
OK: failed live-member restoration retains its unreturned mapping against the original process identity
OK: another frontend recovers the live member and releases its unreturned mapping after leader exit
OK: full debugger retains the original process PID and selects an actual surviving stopped thread
OK: leaderless debugger reports the real surviving writer's software breakpoint
OK: leaderless debugger single-steps native code and restores its complete trap bytes
OK: leaderless debugger cleanup releases the selected stop and preserves original console execution
OK: leaderless instruction tracing captures actual surviving-thread registers and native decoding
OK: leaderless trace cleanup restores the real hardware bank and original console work
OK: all-thread CodeFinder monitors the actual surviving writer after leader exit
OK: leaderless CodeFinder cleanup restores kernel watchpoints and resumes console work
OK: native single-thread CodeFinder selects a live member after leader exit
OK: leaderless CodeFinder cleanup restores kernel watchpoints and resumes console work
OK: the original process handle retires only after the last live member exits
LEADER_EXIT_RESULT=PASSED
OK: concurrent frontend metadata and an owned inspection callback complete without a lock-order deadlock
OK: image-metadata recovery starts a real syscall-parked target
OK: unavailable executable metadata after real mmap retains its allocation and original stopped owner
OK: restored executable metadata permits verified GP/restart recovery and original console work
OK: completed but unreturned mmap is released after metadata and register recovery
OK: unavailable image metadata with a stale requested birth retains the actual seized task without calling user code
OK: cleanup binds to the actual seized task birth rather than retiring a stale caller identity
OK: brokered metadata recovery starts a separate real target
OK: the application broker never returns a mapping while live metadata failure leaves GP restoration pending
OK: process recovery owns and unmaps the unreturned allocation after executable metadata becomes readable
OK: thread inspection starts a real syscall-parked native target
OK: owned inspection reads registers and stack together then releases the actual kernel stop
OK: real kernel edit merges a changed GP register without replaying stale PC or SP
OK: register edit can restore the target's original general register
OK: failed inspection callback restores its real register mutation and retains syscall restart
OK: inspection detach failure retains ownership beyond the frontend callback
OK: native service recovers retained inspection ownership on its original thread
OK: all inspections and edit rollback preserve the target's original blocked read
OK: inspection concurrency fixture has a real running sibling
OK: inspecting one selected thread leaves its shared-code sibling running
OK: failed sibling inspection reports pending recovery against its process without seizing the whole group
OK: process-level recovery releases the retained selected sibling on its original owner
OK: selected-thread inspections preserve both real threads and original console work
OK: preflight recovery starts a real native target
OK: failure before syscall execution retains the actual ptrace owner without an invented allocation
OK: preflight recovery refuses a different host owner thread
OK: preflight recovery releases the original attachment and is idempotent
OK: the untouched target resumes its original blocked read and console work after preflight recovery
OK: preflight recovery starts a real native target
OK: failure before syscall execution retains the actual ptrace owner without an invented allocation
OK: preflight recovery refuses a different host owner thread
OK: preflight recovery releases the original attachment and is idempotent
OK: the untouched target resumes its original blocked read and console work after preflight recovery
OK: preflight recovery starts a real native target
OK: failure before syscall execution retains the actual ptrace owner without an invented allocation
OK: preflight recovery refuses a different host owner thread
OK: preflight recovery releases the original attachment and is idempotent
OK: the untouched target resumes its original blocked read and console work after preflight recovery
OK: preflight recovery starts a real native target
OK: failure before syscall execution retains the actual ptrace owner without an invented allocation
OK: preflight recovery refuses a different host owner thread
OK: preflight recovery releases the original attachment and is idempotent
OK: the untouched target resumes its original blocked read and console work after preflight recovery
OK: preflight recovery starts a real native target
OK: failure before syscall execution retains the actual ptrace owner without an invented allocation
OK: preflight recovery refuses a different host owner thread
OK: preflight recovery releases the original attachment and is idempotent
OK: the untouched target resumes its original blocked read and console work after preflight recovery
OK: allocation preflight starts a separate real native target
OK: failure allocating recovery ownership occurs before any ptrace attachment or target execution
OK: allocation failure before attachment leaves the target running normally
OK: exit preflight recovery starts a separate real native target
OK: an untouched stopped target retains preflight ownership before exit
OK: preflight ownership retires idempotently after real target exit without replaying an unfinished snapshot
OK: service preflight recovery starts a separate real native target
OK: the application service retains preflight detach failure through caller destruction
OK: a new application handle recovers the original preflight ptrace owner without a register snapshot
OK: service preflight recovery preserves the real target's blocked read and continued execution
PREFLIGHT_RECOVERY_RESULT=PASSED architecture=x86-64
OK: native function fixture starts a real process
OK: fixture publishes real native callable functions and their wait controls
OK: native call uses an executable private page and a separate guarded private stack
OK: a real blocked read, including ARM64's cleared syscall slot and rewound SVC, rejects a native call before private code or context mutation
OK: the refused parked-thread call resumes the original blocked read and console work
OK: call fixture seeds SIMD state and reaches an actual user-mode stop
OK: native function snapshots every kernel GP and extended register, signal mask and original stack bytes
OK: eight native arguments, including x86 stack arguments, return exactly and restore SIMD, GP, mask and original stack bytes
OK: a private call frame can be reused without leaking target register or stack state
OK: a transient return-register or opcode read failure retains the unclassified stop without reporting a result
OK: retry classifies the saved return stop before continuing and restores the completed call exactly
OK: a transient return-register or opcode read failure retains the unclassified stop without reporting a result
OK: retry classifies the saved return stop before continuing and restores the completed call exactly
OK: a real timeout interrupt racing the queued return trap is drained in private code before original context restoration
OK: a raced timeout leaves no stale owned interrupt for the next native call
OK: a reported setup error after a real private instruction or register write restores the original context without running the callee
OK: a reported setup error after a real private instruction or register write restores the original context without running the callee
OK: failure restoring a completed native call retains the actual return value and exact owner recovery
OK: retry restores a completed call without invoking the function a second time
OK: a real unfinished callee is bounded by its timeout and retains ownership without inventing a return value
OK: an unfinished native call refuses recovery from a different host owner thread
OK: an external signal or foreign SIGTRAP remains a delivery stop rather than being mistaken for the private return trap
OK: retry does not silently suppress an undecided native call signal
OK: an explicit signal decision completes the original callee, restores its context and makes recovery idempotent
OK: a real unfinished callee is bounded by its timeout and retains ownership without inventing a return value
OK: an unfinished native call refuses recovery from a different host owner thread
OK: an external signal or foreign SIGTRAP remains a delivery stop rather than being mistaken for the private return trap
OK: retry does not silently suppress an undecided native call signal
OK: an explicit signal decision completes the original callee, restores its context and makes recovery idempotent
OK: an owned existing syscall releases the private frame without touching shared code or detaching
OK: native call and cleanup resume the original CPU loop and console work
OK: a genuine callee segmentation fault retains its real signal stop and never reports a successful function result
OK: a dead faulting callee retires recovery without replaying registers or fabricating a result
STOPPED_FUNCTION_RESULT=PASSED architecture=x86-64
OK: shared native call owner starts a real target
OK: shared owner fixture publishes callable ABI and resource-lease functions
OK: two real threads keep running while the call owner selects only one thread
OK: shared owner completes a native call and restores the exact mapping/protection list before releasing ownership
OK: a callee's real thread-directed signal follows the requested delivery policy and still returns its actual result
OK: a timed-out call retains its private frame and shared owner across frontend failure
OK: a sibling makes real CPU progress while the selected native call retains ownership
OK: memory operations and caller destruction cannot seize a second owner or discard a live call frame
OK: shared owner retains a genuine external SIGTRAP until an explicit signal decision
OK: a new frontend resumes the original call on its existing owner and releases every private mapping
OK: a successful resource-producing call keeps a client lease without retaining a private frame or blocking other calls
OK: destroying the resource result schedules one native detach and cleans its replacement frame without frontend ownership
OK: a resource lease explicitly released after target cleanup never performs a duplicate detach
OK: shared call recovery leaves both original threads and console work live
NATIVE_CALL_OWNER_RESULT=PASSED architecture=x86-64
OK: shared-code syscall fixture starts
OK: two real native threads execute the same busy function while sharing program code
OK: transient mmap/mprotect/munmap use existing native syscall instructions without any program-code write
OK: the unseized sibling keeps making progress through shared code during transient memory operations
OK: all readable non-writable executable mappings stay byte-for-byte unchanged
OK: both busy threads finish normally and the original blocked-read restart state survives
SHARED_SYSCALL_RESULT=PASSED architecture=x86-64
OK: syscall-policy fixture starts
OK: the actual target installs a kernel seccomp filter trapping its native mmap syscall
OK: a kernel-denied synthetic syscall reports permission failure without inventing a completed allocation
OK: the denied operation preserves the filter and original target context without injecting a synthetic SIGSYS
OK: other native syscalls still reach the kernel under the unchanged target policy
SYSCALL_POLICY_RESULT=PASSED architecture=x86-64
OK: real native syscall-user-dispatch fixture starts
OK: the fixture publishes its real dispatch selector, exact syscall range and CPU-loop counters
OK: the actual kernel enables syscall-user-dispatch with the fixture's exact configuration
OK: the configured syscall-user-dispatch target reaches its real CPU loop before memory operations
OK: real memory syscalls use the exact always-native range or an allowing selector without patching code
OK: the dispatch selector and complete kernel configuration remain unchanged
OK: the CPU loop continues under its original syscall-user-dispatch configuration
OK: the target disables its own dispatch mode and resumes ordinary console work after context restoration
OK: real native syscall-user-dispatch fixture starts
OK: the fixture publishes its real dispatch selector, exact syscall range and CPU-loop counters
OK: the actual kernel enables syscall-user-dispatch with the fixture's exact configuration
OK: the configured syscall-user-dispatch target reaches its real CPU loop before memory operations
OK: real memory syscalls use the exact always-native range or an allowing selector without patching code
OK: the dispatch selector and complete kernel configuration remain unchanged
OK: the CPU loop continues under its original syscall-user-dispatch configuration
OK: the target disables its own dispatch mode and resumes ordinary console work after context restoration
OK: real native syscall-user-dispatch fixture starts
OK: the fixture publishes its real dispatch selector, exact syscall range and CPU-loop counters
OK: the actual kernel enables syscall-user-dispatch with the fixture's exact configuration
OK: the configured syscall-user-dispatch target reaches its real CPU loop before memory operations
OK: real memory syscalls use the exact always-native range or an allowing selector without patching code
OK: the dispatch selector and complete kernel configuration remain unchanged
OK: the CPU loop continues under its original syscall-user-dispatch configuration
OK: the target disables its own dispatch mode and resumes ordinary console work after context restoration
OK: real native syscall-user-dispatch fixture starts
OK: the fixture publishes its real dispatch selector, exact syscall range and CPU-loop counters
OK: the actual kernel enables syscall-user-dispatch with the fixture's exact configuration
OK: the configured syscall-user-dispatch target reaches its real CPU loop before memory operations
OK: a blocked selector without a native dispatcher rejects the operation before any target mutation
OK: the dispatch selector and complete kernel configuration remain unchanged
OK: the CPU loop continues under its original syscall-user-dispatch configuration
OK: the target disables its own dispatch mode and resumes ordinary console work after context restoration
SYSCALL_DISPATCH_RESULT=PASSED
0 failed target syscall checks
OK: lifecycle stepping attaches and traps the selected native instruction
OK: the selected task reaches its real instruction with the thread group frozen
OK: the fixture publishes its original console work before the trapped exit
OK: an exiting step selects a real surviving register bank without inventing a single-step result
OK: the surviving debugger remains editable and restores the complete shared exit trap
OK: native stepping continues on the explicitly selected live sibling after task exit
OK: task-exit cleanup resumes the original console and releases the surviving kernel stop
OK: leader exit during an all-stop step completes without waiting for stopped siblings
OK: lifecycle stepping attaches and traps the selected native instruction
OK: the selected task reaches its real instruction with the thread group frozen
OK: the fixture publishes its original console work before the trapped exit
OK: an exiting step selects a real surviving register bank without inventing a single-step result
OK: the surviving debugger remains editable and restores the complete shared exit trap
OK: native stepping continues on the explicitly selected live sibling after task exit
OK: task-exit cleanup resumes the original console and releases the surviving kernel stop
OK: worker exit during an all-stop step retires its selected context
OK: lifecycle stepping attaches and traps the selected native instruction
OK: the selected task reaches its real instruction with the thread group frozen
OK: stepping the final thread's exit publishes process exit and retires the stopped snapshot
OK: last-thread exit during an all-stop step publishes its terminal event
OK: lifecycle stepping attaches and traps the selected native instruction
OK: the selected task reaches its real instruction with the thread group frozen
OK: the fixture publishes its original console work before the trapped exit
OK: a failed EXIT-stop detach retains the actual owner and frozen siblings without publishing completion
OK: process metadata and thread selection omit the irreversibly exiting leader before it becomes a zombie
OK: EXIT-stop recovery retries detach and rearms the original shared instruction before reporting the survivor
OK: an exiting step selects a real surviving register bank without inventing a single-step result
OK: the surviving debugger remains editable and restores the complete shared exit trap
OK: native stepping continues on the explicitly selected live sibling after task exit
OK: task-exit cleanup resumes the original console and releases the surviving kernel stop
OK: failed thread-exit detach is recoverable on the original debugger owner
OK: lifecycle stepping attaches and traps the selected native instruction
OK: the selected task reaches its real instruction with the thread group frozen
OK: stepping a genuine program INT1 or BRK preserves its signal instead of inventing syscall completion
OK: the original program trap is delivered and its actual process exit remains observable
OK: real program traps stay distinct from kernel syscall-step notifications
OK: lifecycle stepping attaches and traps the selected native instruction
OK: the selected task reaches its real instruction with the thread group frozen
OK: the fixture publishes its original console work before the trapped exit
OK: a nonleader exec drains sibling EXIT stops, adopts the renamed task and retires old-image traps
OK: the replacement program starts and completes console work after an all-stop nonleader exec step
OK: a nonleader exec step completes despite sibling exit and kernel TID replacement
OK: instruction tracing recognizes an actual native syscall-return step trap
OK: syscall tracing preserves its real return value and original console liveness
OK: native syscall instruction tracing restores its owner and preserves the program
OK: a debugger's parent process launches its own real target
OK: the debugger callback establishes the requested running or paused state before the launcher competes for notifications
OK: the launcher consumes the actual requested stop notification while the debugger retains ownership
OK: debugger cleanup releases an EXIT stop whose wait notification was consumed by its launcher
OK: same-process child reaping cannot deadlock debugger destruction
OK: a debugger's parent process launches its own real target
OK: the debugger callback establishes the requested running or paused state before the launcher competes for notifications
OK: the launcher consumes the actual requested stop notification while the debugger retains ownership
OK: a running debugger reports final exit automatically after its launcher consumes the EXIT notification
OK: debugger cleanup releases an EXIT stop whose wait notification was consumed by its launcher
OK: same-process child reaping preserves automatic final-exit notification
OK: a debugger's parent process launches its own real target
OK: the debugger callback establishes the requested running or paused state before the launcher competes for notifications
OK: the launcher consumes the actual requested stop notification while the debugger retains ownership
OK: a running debugger automatically releases a worker EXIT stop consumed by its launcher without stopping the survivor
OK: automatic worker-exit retirement preserves shared code and the original console work
OK: debugger cleanup releases an EXIT stop whose wait notification was consumed by its launcher
OK: same-process child reaping preserves automatic worker-exit retirement and target liveness
OK: a debugger's parent process launches its own real target
OK: the debugger callback establishes the requested running or paused state before the launcher competes for notifications
OK: the launcher consumes the actual requested stop notification while the debugger retains ownership
OK: failed automatic EXIT-stop detach retains the original owner and freezes the surviving thread for recovery
OK: automatic EXIT-stop recovery publishes the actual surviving register bank only after owned cleanup completes
OK: automatic worker-exit retirement preserves shared code and the original console work
OK: debugger cleanup releases an EXIT stop whose wait notification was consumed by its launcher
OK: same-process child reaping preserves recoverable automatic EXIT-stop cleanup
OK: a debugger's parent process launches its own real target
OK: the debugger callback establishes the requested running or paused state before the launcher competes for notifications
OK: the launcher consumes the actual requested stop notification while the debugger retains ownership
OK: a consumed program-trap notification still publishes its actual signal and fresh stopped register bank
OK: continuing a consumed program-trap stop delivers the original fatal signal exactly once
OK: debugger cleanup releases an EXIT stop whose wait notification was consumed by its launcher
OK: same-process child reaping preserves genuine program-trap handling and delivery
OK: a debugger's parent process launches its own real target
OK: the debugger callback establishes the requested running or paused state before the launcher competes for notifications
OK: the launcher consumes the actual requested stop notification while the debugger retains ownership
OK: a consumed CLONE notification still adopts and runs the real worker to completion
OK: a consumed CLONE stop restores every original shared syscall instruction byte
OK: the original parent console remains live after consumed CLONE and real worker exit
OK: debugger cleanup releases an EXIT stop whose wait notification was consumed by its launcher
OK: same-process child reaping preserves real CLONE adoption and worker execution
OK: a debugger's parent process launches its own real target
OK: the debugger callback establishes the requested running or paused state before the launcher competes for notifications
OK: the launcher consumes the actual requested stop notification while the debugger retains ownership
OK: a consumed EXEC notification retires old-image traps and publishes the replacement kernel register bank
OK: the replacement program starts and completes original console work after a consumed EXEC stop
OK: debugger cleanup releases an EXIT stop whose wait notification was consumed by its launcher
OK: same-process child reaping preserves actual EXEC adoption and replacement-image liveness
OK: a debugger's parent process launches its own real target
OK: the debugger callback establishes the requested running or paused state before the launcher competes for notifications
OK: the paused target is killed while its EXIT wait notification remains available to the debugger
OK: a paused debugger reports final exit automatically whether its launcher consumes the EXIT notification or leaves it queued
OK: debugger cleanup releases an EXIT stop whose wait notification was consumed by its launcher
OK: paused target death is observable without requiring another debugger command
OK: a debugger's parent process launches its own real target
OK: the debugger callback establishes the requested running or paused state before the launcher competes for notifications
OK: the launcher consumes the actual requested stop notification while the debugger retains ownership
OK: a paused debugger reports final exit automatically whether its launcher consumes the EXIT notification or leaves it queued
OK: debugger cleanup releases an EXIT stop whose wait notification was consumed by its launcher
OK: paused target death is observable without requiring another debugger command
OK: a same-process launcher publishes its real nonleader-exec target
OK: nonleader exec replaces its real TID while the owner is held after the actual leader detach
OK: the parent consumes the actual nonleader EXEC report at its replacement process TID
OK: the debugger recovers a consumed nonleader EXEC and adopts its actual replacement thread
OK: recovered nonleader EXEC retires old-image traps without replaying them into the replacement program
OK: a recovered nonleader replacement image starts and completes its original console work
OK: the recovered replacement process exits normally without retaining a kernel owner
OK: same-process child reaping preserves nonleader EXEC across kernel TID replacement
OK: a same-process launcher publishes its real nonleader-exec target
OK: the actual nonleader exec instruction is selected with its sibling frozen before an all-stop step
OK: nonleader exec replaces its real TID while the owner is held after the actual leader detach
OK: the parent consumes the actual nonleader EXEC report at its replacement process TID
OK: the debugger recovers a consumed nonleader EXEC and adopts its actual replacement thread
OK: recovered nonleader EXEC retires old-image traps without replaying them into the replacement program
OK: a recovered nonleader replacement image starts and completes its original console work
OK: the recovered replacement process exits normally without retaining a kernel owner
OK: same-process child reaping preserves nonleader EXEC across kernel TID replacement
OK: a same-process launcher publishes its real nonleader-exec target
OK: nonleader exec replaces its real TID while the owner is held after the actual leader detach
OK: the parent consumes the actual nonleader EXEC report at its replacement process TID
OK: the debugger recovers a consumed nonleader EXEC and adopts its actual replacement thread
OK: an actual exec with a failed context read still notifies image retirement without retaining an old register bank
OK: the existing exec owner retries a transient context read and exposes the real replacement register bank
OK: recovered nonleader EXEC retires old-image traps without replaying them into the replacement program
OK: a recovered nonleader replacement image starts and completes its original console work
OK: the recovered replacement process exits normally without retaining a kernel owner
OK: same-process child reaping preserves nonleader EXEC across kernel TID replacement
SESSION_THREAD_EXIT_RESULT=PASSED
OK: x64 syscall plan uses its Linux number and opcode
OK: compat mode in an ELF64 host uses mmap2 and the signed fd sentinel
OK: x32 retains a 64-bit result register and its separate syscall-number bit
OK: 32-bit syscall arguments cannot silently truncate addresses or lengths
OK: ARM and Thumb plans have distinct instruction widths
OK: ARM instruction byte order is independent of target data byte order
OK: unknown ARM instruction order cannot select an opcode
OK: ARM64 syscall plan uses svc zero and the native mmap number
OK: a Windows or unknown program descriptor cannot masquerade as a Linux syscall host
OK: real native syscall fixture starts
OK: fixture ELF declares the actual syscall ABI
SYSCALL_TARGET architecture=x86-32 abi=Linux i386 width=4 pageSize=4096
SYSCALL_KERNEL release=7.1.8-200.fc44.x86_64 machine=x86_64
OK: original target instructions are readable
OK: target mmap executes using its native register and syscall ABI
OK: allocated target memory is observable through real process_vm access
OK: target mprotect removes write access
OK: target munmap removes the allocated mapping
OK: syscall injection leaves original target instructions unchanged
OK: syscall restart state survives repeated attach/inject/restore/detach
OK: target mmap executes using its native register and syscall ABI
OK: allocated target memory is observable through real process_vm access
OK: target mprotect removes write access
OK: target munmap removes the allocated mapping
OK: syscall injection leaves original target instructions unchanged
OK: syscall restart state survives repeated attach/inject/restore/detach
OK: target mmap executes using its native register and syscall ABI
OK: allocated target memory is observable through real process_vm access
OK: target mprotect removes write access
OK: target munmap removes the allocated mapping
OK: syscall injection leaves original target instructions unchanged
OK: syscall restart state survives repeated attach/inject/restore/detach
OK: kernel syscall errors preserve target liveness and report the actual errno
OK: unmapping the current syscall instruction is rejected before any mutation
OK: removing execute access from the current syscall page preserves liveness
OK: application process API executes allocation/protection/free through the owner service
OK: a rejected low-address near-allocation candidate falls back to a usable gap
OK: application API exposes retained recovery after a real kernel restoration failure
OK: a new process handle recovers the original ptrace owner and cleans its unreturned allocation
OK: caller destruction retains the completed allocation until it is actually unmapped
OK: independent frontend threads share syscall ownership without conflicting ptrace attachment
OK: zero-size and overflowing application requests are rejected before target mutation
OK: page-rounded 32-bit allocations and preferred addresses cannot overflow the program address space
OK: service shutdown fixture has a stable target identity
OK: isolated service owns a real pending restoration at shutdown
OK: service shutdown finishes restoration and allocation cleanup on the original owner thread
OK: real completed mmap retains its allocation and a recovery ticket on restoration failure
OK: a different thread cannot replay a ptrace owner's recovery record
OK: recovery restores the actual target and is idempotent
OK: target continues executing after verified recovery
OK: completed-but-unreturned mmap can be cleaned up after recovery
OK: busy-code restoration fixture receives its command
OK: busy-code fixture publishes its wait flag
OK: code-restoration fault owns the only stopped thread before patching its busy instruction
OK: real completed mmap retains its allocation and a recovery ticket on restoration failure
OK: a different thread cannot replay a ptrace owner's recovery record
OK: recovery restores the actual target and is idempotent
OK: quiesced instruction recovery retains attachment until the original owner detaches
OK: restored busy-code target can leave its wait loop
OK: target continues executing after verified recovery
OK: completed-but-unreturned mmap can be cleaned up after recovery
OK: real completed mmap retains its allocation and a recovery ticket on restoration failure
OK: a different thread cannot replay a ptrace owner's recovery record
OK: recovery restores the actual target and is idempotent
OK: target continues executing after verified recovery
OK: completed-but-unreturned mmap can be cleaned up after recovery
OK: same-file exec fixture starts
OK: same-file exec fixture retains its original memory image
OK: original image is restored before fixture exec
OK: target really execs the same ELF file on the same PID
OK: same-file exec cannot be detected by PID/start-time/executable-inode alone
OK: old memory-image ownership rejects cleanup into a same-file replacement process
OK: separate target starts for exit during recovery
OK: exiting target retains a real failed-restoration record
OK: stopped recovery target can exit normally through the kernel
OK: exit clears recovery ownership without replaying dead registers or memory
OK: a real user SIGTRAP is delivered rather than swallowed as a single-step trap
OK: native debugger fixture starts
OK: native fixture seeds independent low and high SIMD register sentinels
OK: native debugger seizes a syscall-parked thread without a signal
OK: register context identifies the stopped thread ISA and native PC/SP
OK: native SIMD register bank is read through its architecture ABI
OK: SIMD reads preserve the fixture's independent 128-bit low and high register values
OK: native register edits reach the actual kernel register bank
OK: original register bank is restored before target execution
OK: a rejected register write restores earlier fields rather than leaving a partial kernel update
OK: a foreign register context cannot corrupt a stopped thread
OK: kernel reports the native hardware breakpoint bank
OK: an invalid breakpoint slot is rejected without changing another slot
OK: native hardware execution breakpoint arms at the real writer function
OK: execution breakpoint traps at the exact native instruction address
OK: native execution breakpoint is removed from its own bank
OK: a real hardware programming failure restores and verifies the previous native slot
OK: a failed hardware rollback is reported while ptrace ownership remains retained
OK: explicit recovery restores the saved native hardware bank before execution
OK: recovered breakpoint ownership can be released
OK: native single-step advances a real instruction and captures the new PC
OK: single-stepped writer completes before a separate watchpoint operation
OK: native debugger interrupts the running target without SIGSTOP
OK: native four-byte hardware write watchpoint arms at the actual data address
OK: a native write produces a genuine hardware-watchpoint trap
OK: native watchpoint reports the correct watched access and architecture timing
HARDWARE_WATCHPOINT timing=after-access
OK: watchpoint removal and status cleanup succeed before detach
OK: stepping with the watchpoint removed completes the actual native store
OK: target completes its command after native debugger detach
OK: target keeps executing with its original registers and no residual breakpoint
OK: same target can reattach for native software-breakpoint checks
OK: software-breakpoint fixture retains its exact original instruction bytes
OK: failed software-breakpoint verification retains the original bytes and recovery record
OK: software-breakpoint recovery restores real target code before another operation
OK: architecture-specific software trap installs on read-only executable code
OK: native software trap fires with the correct architecture-specific PC semantics
OK: software breakpoint restores exact code and adjacent bytes, and cleanup is idempotent
OK: restored original instruction executes after the software trap is removed
OK: target completes the original writer after software-breakpoint recovery and detach
OK: target stays live after both native software and hardware breakpoint cycles
DEBUG_BACKEND_RESULT=PASSED architecture=x86-32
OK: full debugger session fixture exposes actual code and call sites
OK: full session fixture seeds native SIMD values before attachment
OK: application DebugSession attaches through its real owner thread and all-stop loop
OK: full session publishes the actual ISA and complete native SIMD register bank
OK: frontend register edits execute on the session owner and restore the original bank
OK: full session retains a failed software installation and its original code
OK: full session retries failed code restoration on the same ptrace owner
OK: full session installs its native software breakpoint
OK: full event loop attributes the software trap and restores the correct native PC
OK: full session steps the original instruction and rearms the software breakpoint
OK: session removal restores all native instruction bytes and their neighbors
OK: target completes its original writer after session single-step
OK: full session preserves a separate watchpoint in another native slot
OK: full session arms a data watchpoint while the target is running
OK: full session attributes the actual native hardware watchpoint
OK: continuing a native watchpoint executes its store without retrapping or losing liveness
OK: full session attributes the actual native hardware watchpoint
OK: continuing a native watchpoint executes its store without retrapping or losing liveness
OK: full session attributes the actual native hardware watchpoint
OK: continuing a native watchpoint executes its store without retrapping or losing liveness
OK: session follows a newly cloned writer thread and stops the whole target at its watchpoint
OK: full session can inspect and select both stopped thread register banks
OK: new writer thread continues and exits after its native watchpoint
OK: full session removes the native data watchpoint from every traced thread
OK: removing one native watchpoint preserves the independently owned slot until its removal
OK: full session stops at the real native call instruction
OK: step-over decodes the target ISA and completes at the native call return address
OK: native call breakpoint removes cleanly after step-over
OK: native caller completes after step-over without code or stack corruption
OK: entry step-out uses the native saved return register or stack slot
OK: native caller keeps executing after callee step-out
OK: run-to-cursor executes and restores its architecture-specific temporary breakpoint
OK: native return instruction executes after temporary breakpoint cleanup
OK: exec discards old breakpoint ownership without writing old code into the replacement image
OK: replacement program starts after the full debugger exec stop
OK: replacement program runs with no residual old-image breakpoint
OK: full session detach drains restoration on its original owner thread
OK: target remains live after full session detach and exec transition
DEBUG_SESSION_RESULT=PASSED architecture=x86-32
OK: session interrupted-step fixture starts
OK: session reaches an owned trap before an interrupted instruction step
OK: a signal during single-step keeps the target stopped until software traps are safely rearmed
OK: continuing an interrupted step forwards its signal and executes the original instruction
OK: interrupted-step breakpoint cleanup succeeds
OK: session destruction fixture starts
OK: session owns a planted trap before caller destruction
OK: caller destruction retains ptrace ownership until failed code cleanup can be verified
OK: session destruction retries and verifies the exact original instruction bytes
OK: target remains live after session destruction and failed cleanup recovery
OK: session signal-delivery fixture starts
OK: full session attaches before testing a genuine user signal
OK: a genuine user SIGTRAP is surfaced without being confused with an owned breakpoint
OK: continuing an exception breakpoint preserves genuine signal delivery and process-exit notification
DEBUG_RECOVERY_RESULT=PASSED
OK: native instruction-trace fixture starts
OK: instruction tracing reports readiness only after native execution breakpoints are armed
OK: overlapping trace requests cannot reset cancellation or seize a second owner
OK: real instruction tracing publishes native PCs, register banks and decoded instructions
OK: instruction tracing restores native hardware state and leaves the writer alive
OK: instruction trace steps over native calls and stops at the requested return instruction
OK: native call trace restores its temporary execution breakpoint without stack corruption
OK: waiting instruction trace cancels and drains its ptrace owner
OK: target continues after cancelling an armed instruction trace
OK: failed trace hardware cleanup retains the real ptrace stop and its original bank
OK: trace cleanup retries on its owner and leaves no residual execution breakpoint
OK: instruction tracing adopts and arms a newly cloned writer before its first instruction
OK: new writer exits and target stays live after cloned-thread trace cleanup
OK: exec ends an armed trace and discards old-image hardware restoration records
OK: replacement image runs after trace exec without an old-image breakpoint
OK: exit during failed trace cleanup retires ownership without hanging on a dead register bank
OK: an armed trace forwards genuine user SIGTRAP rather than swallowing it as its own breakpoint
TRACE_BACKEND_RESULT=PASSED architecture=x86-32
OK: native CodeFinder fixture starts
OK: fixture exposes an independently decoded native store instruction
OK: CodeFinder fixture retains occupied and previously configured disabled slots before monitoring
OK: real CodeFinder arms native data banks before reporting startup success
OK: target completes a native store while CodeFinder records and rearms its watchpoint
OK: target completes a native store while CodeFinder records and rearms its watchpoint
OK: target completes a native store while CodeFinder records and rearms its watchpoint
OK: CodeFinder reports the exact native store and correct pre/post-access register timing
OK: CodeFinder arms a newly cloned writer before its first store and lets it exit
OK: CodeFinder attributes cloned-thread accesses to the same real writer instruction
OK: CodeFinder restores every original native bank and detaches without a residual watchpoint
OK: CodeFinder preserves the independent slot exactly and restores all addresses and enable/control state
OK: ARM64 hardware cleanup does not create unused later-slot perf events
OK: independently owned test watchpoint removes cleanly after CodeFinder restoration
OK: failed CodeFinder cleanup keeps its owner, stopped target and exact original hardware bank
OK: CodeFinder retries failed hardware restoration before releasing the target
OK: failed CodeFinder startup retains cleanup ownership after a partially written bank
OK: failed CodeFinder startup restores the target before returning failure
OK: CodeFinder ends on exec without replaying old-image debug banks
OK: replacement image runs without an old-image CodeFinder watchpoint
OK: CodeFinder preserves genuine user SIGTRAP delivery instead of swallowing the signal
OK: target exit drains failed CodeFinder cleanup without hanging on a dead bank
CODEFINDER_BACKEND_RESULT=PASSED architecture=x86-32
OK: stopped native syscall fixture starts
OK: stopped syscall fixture owns a private executable scratch page
OK: an initialization error reported after real target mutation restores every native register, syscall slot and instruction before returning ownership
OK: an initialization error reported after real target mutation restores every native register, syscall slot and instruction before returning ownership
OK: stopped syscall uses the native register ABI and really changes target protection
OK: private-gadget syscall restores native registers, shared code and the existing ptrace relationship
OK: stopped syscall failure retains exact register recovery and the completed protection result
OK: stopped syscall recovery restores on the existing owner without detaching it
OK: quiesced syscall releases its scratch page and restores exact shared program instructions
OK: stopped syscall scratch cleanup and detach preserve the original blocked-read restart state
STOPPED_SYSCALL_RESULT=PASSED architecture=x86-32
OK: native software CodeFinder fixture starts
OK: software CodeFinder arms its real native page guard before startup succeeds
OK: software watchpoint executes a native store and rearms its page guard without losing liveness
OK: software watchpoint executes a native store and rearms its page guard without losing liveness
OK: software watchpoint executes a native store and rearms its page guard without losing liveness
OK: software CodeFinder records the native faulting store and its register context
OK: software CodeFinder follows a newly cloned writer without exposing an untraced page fault
OK: software CodeFinder restores exact page permissions and releases its syscall scratch mapping before detach
OK: software cleanup retains native register recovery and the real stopped-thread owner
OK: software cleanup retries native restoration and leaves no permission or mapping residue
OK: software CodeFinder retires old page/scratch ownership on exec without changing the replacement image
OK: replacement program executes after software watchpoint exec cleanup
SOFTWARE_CODEFINDER_RESULT=PASSED architecture=x86-32
OK: hardware job-control fixture arms
OK: CodeFinder preserves a real group stop while a requested write stays pending
OK: SIGCONT resumes the target and native monitoring still records its pending store
OK: detaching CodeFinder preserves the target's preexisting job-control stop
OK: the detached target runs normally after its owner sends SIGCONT
OK: software job-control fixture arms
OK: CodeFinder preserves a real group stop while a requested write stays pending
OK: SIGCONT resumes the target and native monitoring still records its pending store
OK: detaching CodeFinder preserves the target's preexisting job-control stop
OK: the detached target runs normally after its owner sends SIGCONT
OK: a real ignored signal during software gadget execution survives cleanup and the original store completes
OK: signal-interrupted software watchpoint cleanup leaves no page guard or scratch residue
CODEFINDER_SIGNAL_RESULT=PASSED architecture=x86-32
OK: leader-exit fixture publishes its actual target format and memory
OK: the actual kernel retires the leader while its console sibling remains alive
OK: existing and newly opened handles retain real metadata after leader exit
OK: process reads use a live member after the group leader releases its memory
OK: process writes preserve original console work after leader exit
OK: batched scanner reads follow the live address space after leader exit
OK: memory maps, module backing files and surviving threads remain available
OK: selected-thread inspection reads the surviving thread and releases its real stop
OK: process-level memory allocation selects a live thread after leader exit
OK: live-thread memory operations preserve protection, remove allocations and resume console work
OK: failed live-member restoration retains its unreturned mapping against the original process identity
OK: another frontend recovers the live member and releases its unreturned mapping after leader exit
OK: full debugger retains the original process PID and selects an actual surviving stopped thread
OK: leaderless debugger reports the real surviving writer's software breakpoint
OK: leaderless debugger single-steps native code and restores its complete trap bytes
OK: leaderless debugger cleanup releases the selected stop and preserves original console execution
OK: leaderless instruction tracing captures actual surviving-thread registers and native decoding
OK: leaderless trace cleanup restores the real hardware bank and original console work
OK: all-thread CodeFinder monitors the actual surviving writer after leader exit
OK: leaderless CodeFinder cleanup restores kernel watchpoints and resumes console work
OK: native single-thread CodeFinder selects a live member after leader exit
OK: leaderless CodeFinder cleanup restores kernel watchpoints and resumes console work
OK: the original process handle retires only after the last live member exits
LEADER_EXIT_RESULT=PASSED
OK: concurrent frontend metadata and an owned inspection callback complete without a lock-order deadlock
OK: image-metadata recovery starts a real syscall-parked target
OK: unavailable executable metadata after real mmap retains its allocation and original stopped owner
OK: restored executable metadata permits verified GP/restart recovery and original console work
OK: completed but unreturned mmap is released after metadata and register recovery
OK: unavailable image metadata with a stale requested birth retains the actual seized task without calling user code
OK: cleanup binds to the actual seized task birth rather than retiring a stale caller identity
OK: brokered metadata recovery starts a separate real target
OK: the application broker never returns a mapping while live metadata failure leaves GP restoration pending
OK: process recovery owns and unmaps the unreturned allocation after executable metadata becomes readable
OK: thread inspection starts a real syscall-parked native target
OK: owned inspection reads registers and stack together then releases the actual kernel stop
OK: real kernel edit merges a changed GP register without replaying stale PC or SP
OK: register edit can restore the target's original general register
OK: failed inspection callback restores its real register mutation and retains syscall restart
OK: inspection detach failure retains ownership beyond the frontend callback
OK: native service recovers retained inspection ownership on its original thread
OK: all inspections and edit rollback preserve the target's original blocked read
OK: inspection concurrency fixture has a real running sibling
OK: inspecting one selected thread leaves its shared-code sibling running
OK: failed sibling inspection reports pending recovery against its process without seizing the whole group
OK: process-level recovery releases the retained selected sibling on its original owner
OK: selected-thread inspections preserve both real threads and original console work
OK: preflight recovery starts a real native target
OK: failure before syscall execution retains the actual ptrace owner without an invented allocation
OK: preflight recovery refuses a different host owner thread
OK: preflight recovery releases the original attachment and is idempotent
OK: the untouched target resumes its original blocked read and console work after preflight recovery
OK: preflight recovery starts a real native target
OK: failure before syscall execution retains the actual ptrace owner without an invented allocation
OK: preflight recovery refuses a different host owner thread
OK: preflight recovery releases the original attachment and is idempotent
OK: the untouched target resumes its original blocked read and console work after preflight recovery
OK: preflight recovery starts a real native target
OK: failure before syscall execution retains the actual ptrace owner without an invented allocation
OK: preflight recovery refuses a different host owner thread
OK: preflight recovery releases the original attachment and is idempotent
OK: the untouched target resumes its original blocked read and console work after preflight recovery
OK: preflight recovery starts a real native target
OK: failure before syscall execution retains the actual ptrace owner without an invented allocation
OK: preflight recovery refuses a different host owner thread
OK: preflight recovery releases the original attachment and is idempotent
OK: the untouched target resumes its original blocked read and console work after preflight recovery
OK: preflight recovery starts a real native target
OK: failure before syscall execution retains the actual ptrace owner without an invented allocation
OK: preflight recovery refuses a different host owner thread
OK: preflight recovery releases the original attachment and is idempotent
OK: the untouched target resumes its original blocked read and console work after preflight recovery
OK: allocation preflight starts a separate real native target
OK: failure allocating recovery ownership occurs before any ptrace attachment or target execution
OK: allocation failure before attachment leaves the target running normally
OK: exit preflight recovery starts a separate real native target
OK: an untouched stopped target retains preflight ownership before exit
OK: preflight ownership retires idempotently after real target exit without replaying an unfinished snapshot
OK: service preflight recovery starts a separate real native target
OK: the application service retains preflight detach failure through caller destruction
OK: a new application handle recovers the original preflight ptrace owner without a register snapshot
OK: service preflight recovery preserves the real target's blocked read and continued execution
PREFLIGHT_RECOVERY_RESULT=PASSED architecture=x86-32
OK: native function fixture starts a real process
OK: fixture publishes real native callable functions and their wait controls
OK: native call uses an executable private page and a separate guarded private stack
OK: a real blocked read, including ARM64's cleared syscall slot and rewound SVC, rejects a native call before private code or context mutation
OK: the refused parked-thread call resumes the original blocked read and console work
OK: call fixture seeds SIMD state and reaches an actual user-mode stop
OK: native function snapshots every kernel GP and extended register, signal mask and original stack bytes
OK: eight native arguments, including x86 stack arguments, return exactly and restore SIMD, GP, mask and original stack bytes
OK: a private call frame can be reused without leaking target register or stack state
OK: a transient return-register or opcode read failure retains the unclassified stop without reporting a result
OK: retry classifies the saved return stop before continuing and restores the completed call exactly
OK: a transient return-register or opcode read failure retains the unclassified stop without reporting a result
OK: retry classifies the saved return stop before continuing and restores the completed call exactly
OK: a real timeout interrupt racing the queued return trap is drained in private code before original context restoration
OK: a raced timeout leaves no stale owned interrupt for the next native call
OK: a reported setup error after a real private instruction or register write restores the original context without running the callee
OK: a reported setup error after a real private instruction or register write restores the original context without running the callee
OK: failure restoring a completed native call retains the actual return value and exact owner recovery
OK: retry restores a completed call without invoking the function a second time
OK: a real unfinished callee is bounded by its timeout and retains ownership without inventing a return value
OK: an unfinished native call refuses recovery from a different host owner thread
OK: an external signal or foreign SIGTRAP remains a delivery stop rather than being mistaken for the private return trap
OK: retry does not silently suppress an undecided native call signal
OK: an explicit signal decision completes the original callee, restores its context and makes recovery idempotent
OK: a real unfinished callee is bounded by its timeout and retains ownership without inventing a return value
OK: an unfinished native call refuses recovery from a different host owner thread
OK: an external signal or foreign SIGTRAP remains a delivery stop rather than being mistaken for the private return trap
OK: retry does not silently suppress an undecided native call signal
OK: an explicit signal decision completes the original callee, restores its context and makes recovery idempotent
OK: an owned existing syscall releases the private frame without touching shared code or detaching
OK: native call and cleanup resume the original CPU loop and console work
OK: a genuine callee segmentation fault retains its real signal stop and never reports a successful function result
OK: a dead faulting callee retires recovery without replaying registers or fabricating a result
STOPPED_FUNCTION_RESULT=PASSED architecture=x86-32
OK: shared native call owner starts a real target
OK: shared owner fixture publishes callable ABI and resource-lease functions
OK: two real threads keep running while the call owner selects only one thread
OK: shared owner completes a native call and restores the exact mapping/protection list before releasing ownership
OK: a callee's real thread-directed signal follows the requested delivery policy and still returns its actual result
OK: a timed-out call retains its private frame and shared owner across frontend failure
OK: a sibling makes real CPU progress while the selected native call retains ownership
OK: memory operations and caller destruction cannot seize a second owner or discard a live call frame
OK: shared owner retains a genuine external SIGTRAP until an explicit signal decision
OK: a new frontend resumes the original call on its existing owner and releases every private mapping
OK: a successful resource-producing call keeps a client lease without retaining a private frame or blocking other calls
OK: destroying the resource result schedules one native detach and cleans its replacement frame without frontend ownership
OK: a resource lease explicitly released after target cleanup never performs a duplicate detach
OK: shared call recovery leaves both original threads and console work live
NATIVE_CALL_OWNER_RESULT=PASSED architecture=x86-32
OK: shared-code syscall fixture starts
OK: two real native threads execute the same busy function while sharing program code
OK: transient mmap/mprotect/munmap use existing native syscall instructions without any program-code write
OK: the unseized sibling keeps making progress through shared code during transient memory operations
OK: all readable non-writable executable mappings stay byte-for-byte unchanged
OK: both busy threads finish normally and the original blocked-read restart state survives
SHARED_SYSCALL_RESULT=PASSED architecture=x86-32
OK: syscall-policy fixture starts
OK: the actual target installs a kernel seccomp filter trapping its native mmap syscall
OK: a kernel-denied synthetic syscall reports permission failure without inventing a completed allocation
OK: the denied operation preserves the filter and original target context without injecting a synthetic SIGSYS
OK: other native syscalls still reach the kernel under the unchanged target policy
SYSCALL_POLICY_RESULT=PASSED architecture=x86-32
OK: real native syscall-user-dispatch fixture starts
OK: the fixture publishes its real dispatch selector, exact syscall range and CPU-loop counters
OK: the actual kernel enables syscall-user-dispatch with the fixture's exact configuration
OK: the configured syscall-user-dispatch target reaches its real CPU loop before memory operations
OK: real memory syscalls use the exact always-native range or an allowing selector without patching code
OK: the dispatch selector and complete kernel configuration remain unchanged
OK: the CPU loop continues under its original syscall-user-dispatch configuration
OK: the target disables its own dispatch mode and resumes ordinary console work after context restoration
OK: real native syscall-user-dispatch fixture starts
OK: the fixture publishes its real dispatch selector, exact syscall range and CPU-loop counters
OK: the actual kernel enables syscall-user-dispatch with the fixture's exact configuration
OK: the configured syscall-user-dispatch target reaches its real CPU loop before memory operations
OK: real memory syscalls use the exact always-native range or an allowing selector without patching code
OK: the dispatch selector and complete kernel configuration remain unchanged
OK: the CPU loop continues under its original syscall-user-dispatch configuration
OK: the target disables its own dispatch mode and resumes ordinary console work after context restoration
OK: real native syscall-user-dispatch fixture starts
OK: the fixture publishes its real dispatch selector, exact syscall range and CPU-loop counters
OK: the actual kernel enables syscall-user-dispatch with the fixture's exact configuration
OK: the configured syscall-user-dispatch target reaches its real CPU loop before memory operations
OK: real memory syscalls use the exact always-native range or an allowing selector without patching code
OK: the dispatch selector and complete kernel configuration remain unchanged
OK: the CPU loop continues under its original syscall-user-dispatch configuration
OK: the target disables its own dispatch mode and resumes ordinary console work after context restoration
OK: real native syscall-user-dispatch fixture starts
OK: the fixture publishes its real dispatch selector, exact syscall range and CPU-loop counters
OK: the actual kernel enables syscall-user-dispatch with the fixture's exact configuration
OK: the configured syscall-user-dispatch target reaches its real CPU loop before memory operations
OK: a blocked selector without a native dispatcher rejects the operation before any target mutation
OK: the dispatch selector and complete kernel configuration remain unchanged
OK: the CPU loop continues under its original syscall-user-dispatch configuration
OK: the target disables its own dispatch mode and resumes ordinary console work after context restoration
SYSCALL_DISPATCH_RESULT=PASSED
0 failed target syscall checks
[32m✓ syscall restoration and recovery under ASan+UBSan[0m
OK: real dynamic libc/pthread fixture starts
OK: live native call ABI matches the real process
OK: library symlink with a different basename is created
OK: dlopen through a symlink runs the real target constructor
OK: an already loaded library returns its native handle without rerunning its constructor
OK: embedded NUL library paths are rejected before target execution
OK: non-executable thread entries are rejected before pthread_create
OK: a real native pthread executes, returns, and exits before completion is reported
OK: owned thread data is allocated for lifetime checks
OK: a waiting pthread reaches the deadline and is detached without an unbounded join
OK: the remote pthread has an actual Linux thread identity
OK: destroying the creating frontend does not permit freeing or protecting live worker storage
OK: the target's main loop keeps running while its new pthread waits
OK: the timed-out detached pthread later returns normally using its still-mapped code and data
OK: owned worker storage can be freed after actual kernel thread exit
OK: a fire-and-forget pthread is detached and completes normally
OK: Lua validates paths/timeouts, completes native calls, and reports an actual running-thread timeout
OK: a worker that calls pthread_detach on itself still completes by kernel thread identity
OK: pthread_exit without returning through the wrapper releases ownership after kernel exit
OK: late pthread creation has a real target callback and owned storage
OK: timed-out pthread creation retains ownership and storage before returning its handle
OK: an abandoned late-created worker is cancelled before entering user code and releases its storage
OK: engine process exit does not wait for a detached running target worker
OK: a detached worker returns normally after its engine process has exited
NATIVE_THREAD_LIFETIME_RESULT=PASSED width=8
OK: timed-out AA execution retains its running code cave for retry
OK: AA disable refuses to restore or unmap code while its detached worker is alive
OK: retrying AA cleanup after actual worker exit frees the retained code cave
OK: asynchronous AA execution retains its worker allocation
OK: AA disable refuses to restore or unmap code while its detached worker is alive
OK: retrying AA cleanup after actual worker exit frees the retained code cave
OK: failure to create a second AA thread retains the first worker's code
OK: AA disable refuses to restore or unmap code while its detached worker is alive
OK: retrying AA cleanup after actual worker exit frees the retained code cave
AUTOASM_THREAD_LIFETIME_RESULT=PASSED width=8
OK: the original application and blocked-read sibling finish normally after injection
OK: actual glibc pthread_exit retires main while console and CPU-loop siblings survive
OK: a newly opened handle reads the real ABI and memory of a leaderless glibc process
OK: leaderless process symbol loading follows live module and filesystem metadata
OK: native library constructors execute in a real glibc process after main pthread_exit
OK: native pthread creation and actual worker-exit ownership remain usable after leader exit
OK: leaderless glibc memory operations preserve protection and release the actual mapping
OK: surviving glibc siblings continue CPU work without residual native recovery
OK: the last glibc siblings finish console work and retire the original process identity
LEADER_NATIVE_CALL_RESULT=PASSED width=8
OK: a real native process starts its relative timed kernel wait
OK: wholly syscall-parked native targets reject calls without creating a thread or retaining ownership
OK: rejected calls preserve the original timed kernel wait and normal process completion
PARKED_NATIVE_CALL_RESULT=PASSED width=8
NATIVE_INJECTOR_RESULT=PASSED width=8
[32m✓ real libc/pthread injection under ASan+UBSan[0m
[32m✓ executable code writes and recovery under ASan+UBSan[0m

[1m== ubuntu-build job (full, GUI): configure ==[0m
Enabling CAPSTONE_ARM_SUPPORT
Enabling CAPSTONE_ARM64_SUPPORT
Enabling CAPSTONE_M68K_SUPPORT
Enabling CAPSTONE_MIPS_SUPPORT
Enabling CAPSTONE_PPC_SUPPORT
Enabling CAPSTONE_SPARC_SUPPORT
Enabling CAPSTONE_SYSZ_SUPPORT
Enabling CAPSTONE_XCORE_SUPPORT
Enabling CAPSTONE_X86_SUPPORT
Enabling CAPSTONE_TMS320C64X_SUPPORT
Enabling CAPSTONE_M680X_SUPPORT
Enabling CAPSTONE_EVM_SUPPORT
Enabling CAPSTONE_MOS65XX_SUPPORT
Enabling CAPSTONE_WASM_SUPPORT
Enabling CAPSTONE_BPF_SUPPORT
Enabling CAPSTONE_RISCV_SUPPORT
Enabling CAPSTONE_SH_SUPPORT
Enabling CAPSTONE_TRICORE_SUPPORT
CMake Deprecation Warning at build/_deps/keystone-src/CMakeLists.txt:4 (cmake_minimum_required):
  Compatibility with CMake < 3.10 will be removed from a future version of
  CMake.

  Update the VERSION argument <min> value.  Or, use the <min>...<max> syntax
  to tell CMake that the project requires at least <min> but has been updated
  to work with policies introduced by <max> or earlier.


CMake Deprecation Warning at build/_deps/keystone-src/llvm/CMakeLists.txt:3 (cmake_minimum_required):
  Compatibility with CMake < 3.10 will be removed from a future version of
  CMake.

  Update the VERSION argument <min> value.  Or, use the <min>...<max> syntax
  to tell CMake that the project requires at least <min> but has been updated
  to work with policies introduced by <max> or earlier.


CMake Warning (dev) at build/_deps/keystone-src/llvm/CMakeLists.txt:338 (include):
  Policy CMP0148 is not set: The FindPythonInterp and FindPythonLibs modules
  are removed.  Run "cmake --help-policy CMP0148" for policy details.  Use
  the cmake_policy command to set the policy and suppress this warning.

This warning is for project developers.  Use -Wno-dev to suppress it.

[32m✓ configured[0m

[1m== ubuntu-build job: build ==[0m
[32m✓ built[0m

[1m== ubuntu-build job: regression suite + GUI smokes ==[0m
[32m✓ cecore_test[0m
[32m✓ cecore_deep_test[0m
[32m✓ target compatibility[0m
[32m✓ GDB transport and shared guest adapter[0m
[32m✓ GDB GUI connection, ownership and XML registers[0m
OK: native matching debuglink resolves stripped static symbols at the correct base
OK: native mismatched full-file checksum rejects an otherwise readable symbol table
OK: native a wrong adjacent file does not hide the matching .debug fallback
OK: native the .debug sidecar works without an adjacent copy
OK: native a missing separate file keeps stripped symbols unavailable
OK: native a missing checksum is rejected
OK: native a truncated checksum is rejected
OK: native debuglink directory traversal is rejected even with a matching checksum
OK: native valid debuglink remains usable after malformed inputs
OK: native a checksummed sidecar for a different ISA is rejected
OK: native a matching sidecar larger than the checksum buffer resolves
OK: native checksum validation includes bytes after the last full buffer
OK: i386 matching debuglink resolves stripped static symbols at the correct base
OK: i386 mismatched full-file checksum rejects an otherwise readable symbol table
OK: i386 a wrong adjacent file does not hide the matching .debug fallback
OK: i386 the .debug sidecar works without an adjacent copy
OK: i386 a missing separate file keeps stripped symbols unavailable
OK: i386 a missing checksum is rejected
OK: i386 a truncated checksum is rejected
OK: i386 debuglink directory traversal is rejected even with a matching checksum
OK: i386 valid debuglink remains usable after malformed inputs
OK: i386 a checksummed sidecar for a different ISA is rejected
OK: i386 a matching sidecar larger than the checksum buffer resolves
OK: i386 checksum validation includes bytes after the last full buffer
[32m✓ verified separate ELF debug files[0m
OK: real x86-64 fixture starts
OK: process metadata matches the live fixture ABI
OK: live pointer reads and expression dereferences use the target width
OK: the target observes a typed cross-process write
OK: live target syscall allocation succeeds
OK: read-only target protection rejects writes without altering data
OK: deallocated target memory becomes unreadable
OK: generated injection template activates in the live target
OK: relocated target instructions execute with unchanged behavior
OK: live injection cleanup restores exact code bytes and original page permissions
OK: the target continues executing after injection cleanup
OK: real i386 fixture starts without a 32-bit libc
OK: process metadata matches the live fixture ABI
OK: live pointer reads and expression dereferences use the target width
OK: the target observes a typed cross-process write
OK: live target syscall allocation succeeds
OK: read-only target protection rejects writes without altering data
OK: deallocated target memory becomes unreadable
OK: generated injection template activates in the live target
OK: relocated target instructions execute with unchanged behavior
OK: live injection cleanup restores exact code bytes and original page permissions
OK: the target continues executing after injection cleanup
OK: an existing handle refreshes ABI and instruction mode across exec
OK: memory access follows the new executable after exec
0 failed live integration checks
[32m✓ native 64/32-bit live integration and exec transition[0m
OK: lifecycle stepping attaches and traps the selected native instruction
OK: the selected task reaches its real instruction with the thread group frozen
OK: the fixture publishes its original console work before the trapped exit
OK: an exiting step selects a real surviving register bank without inventing a single-step result
OK: the surviving debugger remains editable and restores the complete shared exit trap
OK: native stepping continues on the explicitly selected live sibling after task exit
OK: task-exit cleanup resumes the original console and releases the surviving kernel stop
OK: leader exit during an all-stop step completes without waiting for stopped siblings
OK: lifecycle stepping attaches and traps the selected native instruction
OK: the selected task reaches its real instruction with the thread group frozen
OK: the fixture publishes its original console work before the trapped exit
OK: an exiting step selects a real surviving register bank without inventing a single-step result
OK: the surviving debugger remains editable and restores the complete shared exit trap
OK: native stepping continues on the explicitly selected live sibling after task exit
OK: task-exit cleanup resumes the original console and releases the surviving kernel stop
OK: worker exit during an all-stop step retires its selected context
OK: lifecycle stepping attaches and traps the selected native instruction
OK: the selected task reaches its real instruction with the thread group frozen
OK: stepping the final thread's exit publishes process exit and retires the stopped snapshot
OK: last-thread exit during an all-stop step publishes its terminal event
OK: lifecycle stepping attaches and traps the selected native instruction
OK: the selected task reaches its real instruction with the thread group frozen
OK: the fixture publishes its original console work before the trapped exit
OK: a failed EXIT-stop detach retains the actual owner and frozen siblings without publishing completion
OK: process metadata and thread selection omit the irreversibly exiting leader before it becomes a zombie
OK: EXIT-stop recovery retries detach and rearms the original shared instruction before reporting the survivor
OK: an exiting step selects a real surviving register bank without inventing a single-step result
OK: the surviving debugger remains editable and restores the complete shared exit trap
OK: native stepping continues on the explicitly selected live sibling after task exit
OK: task-exit cleanup resumes the original console and releases the surviving kernel stop
OK: failed thread-exit detach is recoverable on the original debugger owner
OK: lifecycle stepping attaches and traps the selected native instruction
OK: the selected task reaches its real instruction with the thread group frozen
OK: stepping a genuine program INT1 or BRK preserves its signal instead of inventing syscall completion
OK: the original program trap is delivered and its actual process exit remains observable
OK: real program traps stay distinct from kernel syscall-step notifications
OK: lifecycle stepping attaches and traps the selected native instruction
OK: the selected task reaches its real instruction with the thread group frozen
OK: the fixture publishes its original console work before the trapped exit
OK: a nonleader exec drains sibling EXIT stops, adopts the renamed task and retires old-image traps
OK: the replacement program starts and completes console work after an all-stop nonleader exec step
OK: a nonleader exec step completes despite sibling exit and kernel TID replacement
OK: instruction tracing recognizes an actual native syscall-return step trap
OK: syscall tracing preserves its real return value and original console liveness
OK: native syscall instruction tracing restores its owner and preserves the program
OK: a debugger's parent process launches its own real target
OK: the debugger callback establishes the requested running or paused state before the launcher competes for notifications
OK: the launcher consumes the actual requested stop notification while the debugger retains ownership
OK: debugger cleanup releases an EXIT stop whose wait notification was consumed by its launcher
OK: same-process child reaping cannot deadlock debugger destruction
OK: a debugger's parent process launches its own real target
OK: the debugger callback establishes the requested running or paused state before the launcher competes for notifications
OK: the launcher consumes the actual requested stop notification while the debugger retains ownership
OK: a running debugger reports final exit automatically after its launcher consumes the EXIT notification
OK: debugger cleanup releases an EXIT stop whose wait notification was consumed by its launcher
OK: same-process child reaping preserves automatic final-exit notification
OK: a debugger's parent process launches its own real target
OK: the debugger callback establishes the requested running or paused state before the launcher competes for notifications
OK: the launcher consumes the actual requested stop notification while the debugger retains ownership
OK: a running debugger automatically releases a worker EXIT stop consumed by its launcher without stopping the survivor
OK: automatic worker-exit retirement preserves shared code and the original console work
OK: debugger cleanup releases an EXIT stop whose wait notification was consumed by its launcher
OK: same-process child reaping preserves automatic worker-exit retirement and target liveness
OK: a debugger's parent process launches its own real target
OK: the debugger callback establishes the requested running or paused state before the launcher competes for notifications
OK: the launcher consumes the actual requested stop notification while the debugger retains ownership
OK: failed automatic EXIT-stop detach retains the original owner and freezes the surviving thread for recovery
OK: automatic EXIT-stop recovery publishes the actual surviving register bank only after owned cleanup completes
OK: automatic worker-exit retirement preserves shared code and the original console work
OK: debugger cleanup releases an EXIT stop whose wait notification was consumed by its launcher
OK: same-process child reaping preserves recoverable automatic EXIT-stop cleanup
OK: a debugger's parent process launches its own real target
OK: the debugger callback establishes the requested running or paused state before the launcher competes for notifications
OK: the launcher consumes the actual requested stop notification while the debugger retains ownership
OK: a consumed program-trap notification still publishes its actual signal and fresh stopped register bank
OK: continuing a consumed program-trap stop delivers the original fatal signal exactly once
OK: debugger cleanup releases an EXIT stop whose wait notification was consumed by its launcher
OK: same-process child reaping preserves genuine program-trap handling and delivery
OK: a debugger's parent process launches its own real target
OK: the debugger callback establishes the requested running or paused state before the launcher competes for notifications
OK: the launcher consumes the actual requested stop notification while the debugger retains ownership
OK: a consumed CLONE notification still adopts and runs the real worker to completion
OK: a consumed CLONE stop restores every original shared syscall instruction byte
OK: the original parent console remains live after consumed CLONE and real worker exit
OK: debugger cleanup releases an EXIT stop whose wait notification was consumed by its launcher
OK: same-process child reaping preserves real CLONE adoption and worker execution
OK: a debugger's parent process launches its own real target
OK: the debugger callback establishes the requested running or paused state before the launcher competes for notifications
OK: the launcher consumes the actual requested stop notification while the debugger retains ownership
OK: a consumed EXEC notification retires old-image traps and publishes the replacement kernel register bank
OK: the replacement program starts and completes original console work after a consumed EXEC stop
OK: debugger cleanup releases an EXIT stop whose wait notification was consumed by its launcher
OK: same-process child reaping preserves actual EXEC adoption and replacement-image liveness
OK: a debugger's parent process launches its own real target
OK: the debugger callback establishes the requested running or paused state before the launcher competes for notifications
OK: the paused target is killed while its EXIT wait notification remains available to the debugger
OK: a paused debugger reports final exit automatically whether its launcher consumes the EXIT notification or leaves it queued
OK: debugger cleanup releases an EXIT stop whose wait notification was consumed by its launcher
OK: paused target death is observable without requiring another debugger command
OK: a debugger's parent process launches its own real target
OK: the debugger callback establishes the requested running or paused state before the launcher competes for notifications
OK: the launcher consumes the actual requested stop notification while the debugger retains ownership
OK: a paused debugger reports final exit automatically whether its launcher consumes the EXIT notification or leaves it queued
OK: debugger cleanup releases an EXIT stop whose wait notification was consumed by its launcher
OK: paused target death is observable without requiring another debugger command
OK: a same-process launcher publishes its real nonleader-exec target
OK: nonleader exec replaces its real TID while the owner is held after the actual leader detach
OK: the parent consumes the actual nonleader EXEC report at its replacement process TID
OK: the debugger recovers a consumed nonleader EXEC and adopts its actual replacement thread
OK: recovered nonleader EXEC retires old-image traps without replaying them into the replacement program
OK: a recovered nonleader replacement image starts and completes its original console work
OK: the recovered replacement process exits normally without retaining a kernel owner
OK: same-process child reaping preserves nonleader EXEC across kernel TID replacement
OK: a same-process launcher publishes its real nonleader-exec target
OK: the actual nonleader exec instruction is selected with its sibling frozen before an all-stop step
OK: nonleader exec replaces its real TID while the owner is held after the actual leader detach
OK: the parent consumes the actual nonleader EXEC report at its replacement process TID
OK: the debugger recovers a consumed nonleader EXEC and adopts its actual replacement thread
OK: recovered nonleader EXEC retires old-image traps without replaying them into the replacement program
OK: a recovered nonleader replacement image starts and completes its original console work
OK: the recovered replacement process exits normally without retaining a kernel owner
OK: same-process child reaping preserves nonleader EXEC across kernel TID replacement
OK: a same-process launcher publishes its real nonleader-exec target
OK: nonleader exec replaces its real TID while the owner is held after the actual leader detach
OK: the parent consumes the actual nonleader EXEC report at its replacement process TID
OK: the debugger recovers a consumed nonleader EXEC and adopts its actual replacement thread
OK: an actual exec with a failed context read still notifies image retirement without retaining an old register bank
OK: the existing exec owner retries a transient context read and exposes the real replacement register bank
OK: recovered nonleader EXEC retires old-image traps without replaying them into the replacement program
OK: a recovered nonleader replacement image starts and completes its original console work
OK: the recovered replacement process exits normally without retaining a kernel owner
OK: same-process child reaping preserves nonleader EXEC across kernel TID replacement
SESSION_THREAD_EXIT_RESULT=PASSED
OK: x64 syscall plan uses its Linux number and opcode
OK: compat mode in an ELF64 host uses mmap2 and the signed fd sentinel
OK: x32 retains a 64-bit result register and its separate syscall-number bit
OK: 32-bit syscall arguments cannot silently truncate addresses or lengths
OK: ARM and Thumb plans have distinct instruction widths
OK: ARM instruction byte order is independent of target data byte order
OK: unknown ARM instruction order cannot select an opcode
OK: ARM64 syscall plan uses svc zero and the native mmap number
OK: a Windows or unknown program descriptor cannot masquerade as a Linux syscall host
OK: real native syscall fixture starts
OK: fixture ELF declares the actual syscall ABI
SYSCALL_TARGET architecture=x86-64 abi=Linux x86-64 width=8 pageSize=4096
SYSCALL_KERNEL release=7.1.8-200.fc44.x86_64 machine=x86_64
OK: original target instructions are readable
OK: target mmap executes using its native register and syscall ABI
OK: allocated target memory is observable through real process_vm access
OK: target mprotect removes write access
OK: target munmap removes the allocated mapping
OK: syscall injection leaves original target instructions unchanged
OK: syscall restart state survives repeated attach/inject/restore/detach
OK: target mmap executes using its native register and syscall ABI
OK: allocated target memory is observable through real process_vm access
OK: target mprotect removes write access
OK: target munmap removes the allocated mapping
OK: syscall injection leaves original target instructions unchanged
OK: syscall restart state survives repeated attach/inject/restore/detach
OK: target mmap executes using its native register and syscall ABI
OK: allocated target memory is observable through real process_vm access
OK: target mprotect removes write access
OK: target munmap removes the allocated mapping
OK: syscall injection leaves original target instructions unchanged
OK: syscall restart state survives repeated attach/inject/restore/detach
OK: kernel syscall errors preserve target liveness and report the actual errno
OK: unmapping the current syscall instruction is rejected before any mutation
OK: removing execute access from the current syscall page preserves liveness
OK: application process API executes allocation/protection/free through the owner service
OK: a rejected low-address near-allocation candidate falls back to a usable gap
OK: application API exposes retained recovery after a real kernel restoration failure
OK: a new process handle recovers the original ptrace owner and cleans its unreturned allocation
OK: caller destruction retains the completed allocation until it is actually unmapped
OK: independent frontend threads share syscall ownership without conflicting ptrace attachment
OK: zero-size and overflowing application requests are rejected before target mutation
OK: service shutdown fixture has a stable target identity
OK: isolated service owns a real pending restoration at shutdown
OK: service shutdown finishes restoration and allocation cleanup on the original owner thread
OK: real completed mmap retains its allocation and a recovery ticket on restoration failure
OK: a different thread cannot replay a ptrace owner's recovery record
OK: recovery restores the actual target and is idempotent
OK: target continues executing after verified recovery
OK: completed-but-unreturned mmap can be cleaned up after recovery
OK: busy-code restoration fixture receives its command
OK: busy-code fixture publishes its wait flag
OK: code-restoration fault owns the only stopped thread before patching its busy instruction
OK: real completed mmap retains its allocation and a recovery ticket on restoration failure
OK: a different thread cannot replay a ptrace owner's recovery record
OK: recovery restores the actual target and is idempotent
OK: quiesced instruction recovery retains attachment until the original owner detaches
OK: restored busy-code target can leave its wait loop
OK: target continues executing after verified recovery
OK: completed-but-unreturned mmap can be cleaned up after recovery
OK: real completed mmap retains its allocation and a recovery ticket on restoration failure
OK: a different thread cannot replay a ptrace owner's recovery record
OK: recovery restores the actual target and is idempotent
OK: target continues executing after verified recovery
OK: completed-but-unreturned mmap can be cleaned up after recovery
OK: same-file exec fixture starts
OK: same-file exec fixture retains its original memory image
OK: original image is restored before fixture exec
OK: target really execs the same ELF file on the same PID
OK: same-file exec cannot be detected by PID/start-time/executable-inode alone
OK: old memory-image ownership rejects cleanup into a same-file replacement process
OK: separate target starts for exit during recovery
OK: exiting target retains a real failed-restoration record
OK: stopped recovery target can exit normally through the kernel
OK: exit clears recovery ownership without replaying dead registers or memory
OK: a real user SIGTRAP is delivered rather than swallowed as a single-step trap
OK: native debugger fixture starts
OK: native fixture seeds independent low and high SIMD register sentinels
OK: native debugger seizes a syscall-parked thread without a signal
OK: register context identifies the stopped thread ISA and native PC/SP
OK: native SIMD register bank is read through its architecture ABI
OK: SIMD reads preserve the fixture's independent 128-bit low and high register values
OK: native register edits reach the actual kernel register bank
OK: original register bank is restored before target execution
OK: a rejected register write restores earlier fields rather than leaving a partial kernel update
OK: a foreign register context cannot corrupt a stopped thread
OK: kernel reports the native hardware breakpoint bank
OK: an invalid breakpoint slot is rejected without changing another slot
OK: native hardware execution breakpoint arms at the real writer function
OK: execution breakpoint traps at the exact native instruction address
OK: native execution breakpoint is removed from its own bank
OK: a real hardware programming failure restores and verifies the previous native slot
OK: a failed hardware rollback is reported while ptrace ownership remains retained
OK: explicit recovery restores the saved native hardware bank before execution
OK: recovered breakpoint ownership can be released
OK: native single-step advances a real instruction and captures the new PC
OK: single-stepped writer completes before a separate watchpoint operation
OK: native debugger interrupts the running target without SIGSTOP
OK: native four-byte hardware write watchpoint arms at the actual data address
OK: a native write produces a genuine hardware-watchpoint trap
OK: native watchpoint reports the correct watched access and architecture timing
HARDWARE_WATCHPOINT timing=after-access
OK: watchpoint removal and status cleanup succeed before detach
OK: stepping with the watchpoint removed completes the actual native store
OK: target completes its command after native debugger detach
OK: target keeps executing with its original registers and no residual breakpoint
OK: same target can reattach for native software-breakpoint checks
OK: software-breakpoint fixture retains its exact original instruction bytes
OK: failed software-breakpoint verification retains the original bytes and recovery record
OK: software-breakpoint recovery restores real target code before another operation
OK: architecture-specific software trap installs on read-only executable code
OK: native software trap fires with the correct architecture-specific PC semantics
OK: software breakpoint restores exact code and adjacent bytes, and cleanup is idempotent
OK: restored original instruction executes after the software trap is removed
OK: target completes the original writer after software-breakpoint recovery and detach
OK: target stays live after both native software and hardware breakpoint cycles
DEBUG_BACKEND_RESULT=PASSED architecture=x86-64
OK: full debugger session fixture exposes actual code and call sites
OK: full session fixture seeds native SIMD values before attachment
OK: application DebugSession attaches through its real owner thread and all-stop loop
OK: full session publishes the actual ISA and complete native SIMD register bank
OK: frontend register edits execute on the session owner and restore the original bank
OK: full session retains a failed software installation and its original code
OK: full session retries failed code restoration on the same ptrace owner
OK: full session installs its native software breakpoint
OK: full event loop attributes the software trap and restores the correct native PC
OK: full session steps the original instruction and rearms the software breakpoint
OK: session removal restores all native instruction bytes and their neighbors
OK: target completes its original writer after session single-step
OK: full session preserves a separate watchpoint in another native slot
OK: full session arms a data watchpoint while the target is running
OK: full session attributes the actual native hardware watchpoint
OK: continuing a native watchpoint executes its store without retrapping or losing liveness
OK: full session attributes the actual native hardware watchpoint
OK: continuing a native watchpoint executes its store without retrapping or losing liveness
OK: full session attributes the actual native hardware watchpoint
OK: continuing a native watchpoint executes its store without retrapping or losing liveness
OK: session follows a newly cloned writer thread and stops the whole target at its watchpoint
OK: full session can inspect and select both stopped thread register banks
OK: new writer thread continues and exits after its native watchpoint
OK: full session removes the native data watchpoint from every traced thread
OK: removing one native watchpoint preserves the independently owned slot until its removal
OK: full session stops at the real native call instruction
OK: step-over decodes the target ISA and completes at the native call return address
OK: native call breakpoint removes cleanly after step-over
OK: native caller completes after step-over without code or stack corruption
OK: entry step-out uses the native saved return register or stack slot
OK: native caller keeps executing after callee step-out
OK: run-to-cursor executes and restores its architecture-specific temporary breakpoint
OK: native return instruction executes after temporary breakpoint cleanup
OK: exec discards old breakpoint ownership without writing old code into the replacement image
OK: replacement program starts after the full debugger exec stop
OK: replacement program runs with no residual old-image breakpoint
OK: full session detach drains restoration on its original owner thread
OK: target remains live after full session detach and exec transition
DEBUG_SESSION_RESULT=PASSED architecture=x86-64
OK: session interrupted-step fixture starts
OK: session reaches an owned trap before an interrupted instruction step
OK: a signal during single-step keeps the target stopped until software traps are safely rearmed
OK: continuing an interrupted step forwards its signal and executes the original instruction
OK: interrupted-step breakpoint cleanup succeeds
OK: session destruction fixture starts
OK: session owns a planted trap before caller destruction
OK: caller destruction retains ptrace ownership until failed code cleanup can be verified
OK: session destruction retries and verifies the exact original instruction bytes
OK: target remains live after session destruction and failed cleanup recovery
OK: session signal-delivery fixture starts
OK: full session attaches before testing a genuine user signal
OK: a genuine user SIGTRAP is surfaced without being confused with an owned breakpoint
OK: continuing an exception breakpoint preserves genuine signal delivery and process-exit notification
DEBUG_RECOVERY_RESULT=PASSED
OK: native instruction-trace fixture starts
OK: instruction tracing reports readiness only after native execution breakpoints are armed
OK: overlapping trace requests cannot reset cancellation or seize a second owner
OK: real instruction tracing publishes native PCs, register banks and decoded instructions
OK: instruction tracing restores native hardware state and leaves the writer alive
OK: instruction trace steps over native calls and stops at the requested return instruction
OK: native call trace restores its temporary execution breakpoint without stack corruption
OK: waiting instruction trace cancels and drains its ptrace owner
OK: target continues after cancelling an armed instruction trace
OK: failed trace hardware cleanup retains the real ptrace stop and its original bank
OK: trace cleanup retries on its owner and leaves no residual execution breakpoint
OK: instruction tracing adopts and arms a newly cloned writer before its first instruction
OK: new writer exits and target stays live after cloned-thread trace cleanup
OK: exec ends an armed trace and discards old-image hardware restoration records
OK: replacement image runs after trace exec without an old-image breakpoint
OK: exit during failed trace cleanup retires ownership without hanging on a dead register bank
OK: an armed trace forwards genuine user SIGTRAP rather than swallowing it as its own breakpoint
TRACE_BACKEND_RESULT=PASSED architecture=x86-64
OK: native CodeFinder fixture starts
OK: fixture exposes an independently decoded native store instruction
OK: CodeFinder fixture retains occupied and previously configured disabled slots before monitoring
OK: real CodeFinder arms native data banks before reporting startup success
OK: target completes a native store while CodeFinder records and rearms its watchpoint
OK: target completes a native store while CodeFinder records and rearms its watchpoint
OK: target completes a native store while CodeFinder records and rearms its watchpoint
OK: CodeFinder reports the exact native store and correct pre/post-access register timing
OK: CodeFinder arms a newly cloned writer before its first store and lets it exit
OK: CodeFinder attributes cloned-thread accesses to the same real writer instruction
OK: CodeFinder restores every original native bank and detaches without a residual watchpoint
OK: CodeFinder preserves the independent slot exactly and restores all addresses and enable/control state
OK: ARM64 hardware cleanup does not create unused later-slot perf events
OK: independently owned test watchpoint removes cleanly after CodeFinder restoration
OK: failed CodeFinder cleanup keeps its owner, stopped target and exact original hardware bank
OK: CodeFinder retries failed hardware restoration before releasing the target
OK: failed CodeFinder startup retains cleanup ownership after a partially written bank
OK: failed CodeFinder startup restores the target before returning failure
OK: CodeFinder ends on exec without replaying old-image debug banks
OK: replacement image runs without an old-image CodeFinder watchpoint
OK: CodeFinder preserves genuine user SIGTRAP delivery instead of swallowing the signal
OK: target exit drains failed CodeFinder cleanup without hanging on a dead bank
CODEFINDER_BACKEND_RESULT=PASSED architecture=x86-64
OK: stopped native syscall fixture starts
OK: stopped syscall fixture owns a private executable scratch page
OK: an initialization error reported after real target mutation restores every native register, syscall slot and instruction before returning ownership
OK: an initialization error reported after real target mutation restores every native register, syscall slot and instruction before returning ownership
OK: stopped syscall uses the native register ABI and really changes target protection
OK: private-gadget syscall restores native registers, shared code and the existing ptrace relationship
OK: stopped syscall failure retains exact register recovery and the completed protection result
OK: stopped syscall recovery restores on the existing owner without detaching it
OK: quiesced syscall releases its scratch page and restores exact shared program instructions
OK: stopped syscall scratch cleanup and detach preserve the original blocked-read restart state
STOPPED_SYSCALL_RESULT=PASSED architecture=x86-64
OK: native software CodeFinder fixture starts
OK: software CodeFinder arms its real native page guard before startup succeeds
OK: software watchpoint executes a native store and rearms its page guard without losing liveness
OK: software watchpoint executes a native store and rearms its page guard without losing liveness
OK: software watchpoint executes a native store and rearms its page guard without losing liveness
OK: software CodeFinder records the native faulting store and its register context
OK: software CodeFinder follows a newly cloned writer without exposing an untraced page fault
OK: software CodeFinder restores exact page permissions and releases its syscall scratch mapping before detach
OK: software cleanup retains native register recovery and the real stopped-thread owner
OK: software cleanup retries native restoration and leaves no permission or mapping residue
OK: software CodeFinder retires old page/scratch ownership on exec without changing the replacement image
OK: replacement program executes after software watchpoint exec cleanup
SOFTWARE_CODEFINDER_RESULT=PASSED architecture=x86-64
OK: hardware job-control fixture arms
OK: CodeFinder preserves a real group stop while a requested write stays pending
OK: SIGCONT resumes the target and native monitoring still records its pending store
OK: detaching CodeFinder preserves the target's preexisting job-control stop
OK: the detached target runs normally after its owner sends SIGCONT
OK: software job-control fixture arms
OK: CodeFinder preserves a real group stop while a requested write stays pending
OK: SIGCONT resumes the target and native monitoring still records its pending store
OK: detaching CodeFinder preserves the target's preexisting job-control stop
OK: the detached target runs normally after its owner sends SIGCONT
OK: a real ignored signal during software gadget execution survives cleanup and the original store completes
OK: signal-interrupted software watchpoint cleanup leaves no page guard or scratch residue
CODEFINDER_SIGNAL_RESULT=PASSED architecture=x86-64
OK: leader-exit fixture publishes its actual target format and memory
OK: the actual kernel retires the leader while its console sibling remains alive
OK: existing and newly opened handles retain real metadata after leader exit
OK: process reads use a live member after the group leader releases its memory
OK: process writes preserve original console work after leader exit
OK: batched scanner reads follow the live address space after leader exit
OK: memory maps, module backing files and surviving threads remain available
OK: selected-thread inspection reads the surviving thread and releases its real stop
OK: process-level memory allocation selects a live thread after leader exit
OK: live-thread memory operations preserve protection, remove allocations and resume console work
OK: failed live-member restoration retains its unreturned mapping against the original process identity
OK: another frontend recovers the live member and releases its unreturned mapping after leader exit
OK: full debugger retains the original process PID and selects an actual surviving stopped thread
OK: leaderless debugger reports the real surviving writer's software breakpoint
OK: leaderless debugger single-steps native code and restores its complete trap bytes
OK: leaderless debugger cleanup releases the selected stop and preserves original console execution
OK: leaderless instruction tracing captures actual surviving-thread registers and native decoding
OK: leaderless trace cleanup restores the real hardware bank and original console work
OK: all-thread CodeFinder monitors the actual surviving writer after leader exit
OK: leaderless CodeFinder cleanup restores kernel watchpoints and resumes console work
OK: native single-thread CodeFinder selects a live member after leader exit
OK: leaderless CodeFinder cleanup restores kernel watchpoints and resumes console work
OK: the original process handle retires only after the last live member exits
LEADER_EXIT_RESULT=PASSED
OK: concurrent frontend metadata and an owned inspection callback complete without a lock-order deadlock
OK: image-metadata recovery starts a real syscall-parked target
OK: unavailable executable metadata after real mmap retains its allocation and original stopped owner
OK: restored executable metadata permits verified GP/restart recovery and original console work
OK: completed but unreturned mmap is released after metadata and register recovery
OK: unavailable image metadata with a stale requested birth retains the actual seized task without calling user code
OK: cleanup binds to the actual seized task birth rather than retiring a stale caller identity
OK: brokered metadata recovery starts a separate real target
OK: the application broker never returns a mapping while live metadata failure leaves GP restoration pending
OK: process recovery owns and unmaps the unreturned allocation after executable metadata becomes readable
OK: thread inspection starts a real syscall-parked native target
OK: owned inspection reads registers and stack together then releases the actual kernel stop
OK: real kernel edit merges a changed GP register without replaying stale PC or SP
OK: register edit can restore the target's original general register
OK: failed inspection callback restores its real register mutation and retains syscall restart
OK: inspection detach failure retains ownership beyond the frontend callback
OK: native service recovers retained inspection ownership on its original thread
OK: all inspections and edit rollback preserve the target's original blocked read
OK: inspection concurrency fixture has a real running sibling
OK: inspecting one selected thread leaves its shared-code sibling running
OK: failed sibling inspection reports pending recovery against its process without seizing the whole group
OK: process-level recovery releases the retained selected sibling on its original owner
OK: selected-thread inspections preserve both real threads and original console work
OK: preflight recovery starts a real native target
OK: failure before syscall execution retains the actual ptrace owner without an invented allocation
OK: preflight recovery refuses a different host owner thread
OK: preflight recovery releases the original attachment and is idempotent
OK: the untouched target resumes its original blocked read and console work after preflight recovery
OK: preflight recovery starts a real native target
OK: failure before syscall execution retains the actual ptrace owner without an invented allocation
OK: preflight recovery refuses a different host owner thread
OK: preflight recovery releases the original attachment and is idempotent
OK: the untouched target resumes its original blocked read and console work after preflight recovery
OK: preflight recovery starts a real native target
OK: failure before syscall execution retains the actual ptrace owner without an invented allocation
OK: preflight recovery refuses a different host owner thread
OK: preflight recovery releases the original attachment and is idempotent
OK: the untouched target resumes its original blocked read and console work after preflight recovery
OK: preflight recovery starts a real native target
OK: failure before syscall execution retains the actual ptrace owner without an invented allocation
OK: preflight recovery refuses a different host owner thread
OK: preflight recovery releases the original attachment and is idempotent
OK: the untouched target resumes its original blocked read and console work after preflight recovery
OK: preflight recovery starts a real native target
OK: failure before syscall execution retains the actual ptrace owner without an invented allocation
OK: preflight recovery refuses a different host owner thread
OK: preflight recovery releases the original attachment and is idempotent
OK: the untouched target resumes its original blocked read and console work after preflight recovery
OK: allocation preflight starts a separate real native target
OK: failure allocating recovery ownership occurs before any ptrace attachment or target execution
OK: allocation failure before attachment leaves the target running normally
OK: exit preflight recovery starts a separate real native target
OK: an untouched stopped target retains preflight ownership before exit
OK: preflight ownership retires idempotently after real target exit without replaying an unfinished snapshot
OK: service preflight recovery starts a separate real native target
OK: the application service retains preflight detach failure through caller destruction
OK: a new application handle recovers the original preflight ptrace owner without a register snapshot
OK: service preflight recovery preserves the real target's blocked read and continued execution
PREFLIGHT_RECOVERY_RESULT=PASSED architecture=x86-64
OK: native function fixture starts a real process
OK: fixture publishes real native callable functions and their wait controls
OK: native call uses an executable private page and a separate guarded private stack
OK: a real blocked read, including ARM64's cleared syscall slot and rewound SVC, rejects a native call before private code or context mutation
OK: the refused parked-thread call resumes the original blocked read and console work
OK: call fixture seeds SIMD state and reaches an actual user-mode stop
OK: native function snapshots every kernel GP and extended register, signal mask and original stack bytes
OK: eight native arguments, including x86 stack arguments, return exactly and restore SIMD, GP, mask and original stack bytes
OK: a private call frame can be reused without leaking target register or stack state
OK: a transient return-register or opcode read failure retains the unclassified stop without reporting a result
OK: retry classifies the saved return stop before continuing and restores the completed call exactly
OK: a transient return-register or opcode read failure retains the unclassified stop without reporting a result
OK: retry classifies the saved return stop before continuing and restores the completed call exactly
OK: a real timeout interrupt racing the queued return trap is drained in private code before original context restoration
OK: a raced timeout leaves no stale owned interrupt for the next native call
OK: a reported setup error after a real private instruction or register write restores the original context without running the callee
OK: a reported setup error after a real private instruction or register write restores the original context without running the callee
OK: failure restoring a completed native call retains the actual return value and exact owner recovery
OK: retry restores a completed call without invoking the function a second time
OK: a real unfinished callee is bounded by its timeout and retains ownership without inventing a return value
OK: an unfinished native call refuses recovery from a different host owner thread
OK: an external signal or foreign SIGTRAP remains a delivery stop rather than being mistaken for the private return trap
OK: retry does not silently suppress an undecided native call signal
OK: an explicit signal decision completes the original callee, restores its context and makes recovery idempotent
OK: a real unfinished callee is bounded by its timeout and retains ownership without inventing a return value
OK: an unfinished native call refuses recovery from a different host owner thread
OK: an external signal or foreign SIGTRAP remains a delivery stop rather than being mistaken for the private return trap
OK: retry does not silently suppress an undecided native call signal
OK: an explicit signal decision completes the original callee, restores its context and makes recovery idempotent
OK: an owned existing syscall releases the private frame without touching shared code or detaching
OK: native call and cleanup resume the original CPU loop and console work
OK: a genuine callee segmentation fault retains its real signal stop and never reports a successful function result
OK: a dead faulting callee retires recovery without replaying registers or fabricating a result
STOPPED_FUNCTION_RESULT=PASSED architecture=x86-64
OK: shared native call owner starts a real target
OK: shared owner fixture publishes callable ABI and resource-lease functions
OK: two real threads keep running while the call owner selects only one thread
OK: shared owner completes a native call and restores the exact mapping/protection list before releasing ownership
OK: a callee's real thread-directed signal follows the requested delivery policy and still returns its actual result
OK: a timed-out call retains its private frame and shared owner across frontend failure
OK: a sibling makes real CPU progress while the selected native call retains ownership
OK: memory operations and caller destruction cannot seize a second owner or discard a live call frame
OK: shared owner retains a genuine external SIGTRAP until an explicit signal decision
OK: a new frontend resumes the original call on its existing owner and releases every private mapping
OK: a successful resource-producing call keeps a client lease without retaining a private frame or blocking other calls
OK: destroying the resource result schedules one native detach and cleans its replacement frame without frontend ownership
OK: a resource lease explicitly released after target cleanup never performs a duplicate detach
OK: shared call recovery leaves both original threads and console work live
NATIVE_CALL_OWNER_RESULT=PASSED architecture=x86-64
OK: shared-code syscall fixture starts
OK: two real native threads execute the same busy function while sharing program code
OK: transient mmap/mprotect/munmap use existing native syscall instructions without any program-code write
OK: the unseized sibling keeps making progress through shared code during transient memory operations
OK: all readable non-writable executable mappings stay byte-for-byte unchanged
OK: both busy threads finish normally and the original blocked-read restart state survives
SHARED_SYSCALL_RESULT=PASSED architecture=x86-64
OK: syscall-policy fixture starts
OK: the actual target installs a kernel seccomp filter trapping its native mmap syscall
OK: a kernel-denied synthetic syscall reports permission failure without inventing a completed allocation
OK: the denied operation preserves the filter and original target context without injecting a synthetic SIGSYS
OK: other native syscalls still reach the kernel under the unchanged target policy
SYSCALL_POLICY_RESULT=PASSED architecture=x86-64
OK: real native syscall-user-dispatch fixture starts
OK: the fixture publishes its real dispatch selector, exact syscall range and CPU-loop counters
OK: the actual kernel enables syscall-user-dispatch with the fixture's exact configuration
OK: the configured syscall-user-dispatch target reaches its real CPU loop before memory operations
OK: real memory syscalls use the exact always-native range or an allowing selector without patching code
OK: the dispatch selector and complete kernel configuration remain unchanged
OK: the CPU loop continues under its original syscall-user-dispatch configuration
OK: the target disables its own dispatch mode and resumes ordinary console work after context restoration
OK: real native syscall-user-dispatch fixture starts
OK: the fixture publishes its real dispatch selector, exact syscall range and CPU-loop counters
OK: the actual kernel enables syscall-user-dispatch with the fixture's exact configuration
OK: the configured syscall-user-dispatch target reaches its real CPU loop before memory operations
OK: real memory syscalls use the exact always-native range or an allowing selector without patching code
OK: the dispatch selector and complete kernel configuration remain unchanged
OK: the CPU loop continues under its original syscall-user-dispatch configuration
OK: the target disables its own dispatch mode and resumes ordinary console work after context restoration
OK: real native syscall-user-dispatch fixture starts
OK: the fixture publishes its real dispatch selector, exact syscall range and CPU-loop counters
OK: the actual kernel enables syscall-user-dispatch with the fixture's exact configuration
OK: the configured syscall-user-dispatch target reaches its real CPU loop before memory operations
OK: real memory syscalls use the exact always-native range or an allowing selector without patching code
OK: the dispatch selector and complete kernel configuration remain unchanged
OK: the CPU loop continues under its original syscall-user-dispatch configuration
OK: the target disables its own dispatch mode and resumes ordinary console work after context restoration
OK: real native syscall-user-dispatch fixture starts
OK: the fixture publishes its real dispatch selector, exact syscall range and CPU-loop counters
OK: the actual kernel enables syscall-user-dispatch with the fixture's exact configuration
OK: the configured syscall-user-dispatch target reaches its real CPU loop before memory operations
OK: a blocked selector without a native dispatcher rejects the operation before any target mutation
OK: the dispatch selector and complete kernel configuration remain unchanged
OK: the CPU loop continues under its original syscall-user-dispatch configuration
OK: the target disables its own dispatch mode and resumes ordinary console work after context restoration
SYSCALL_DISPATCH_RESULT=PASSED
0 failed target syscall checks
OK: lifecycle stepping attaches and traps the selected native instruction
OK: the selected task reaches its real instruction with the thread group frozen
OK: the fixture publishes its original console work before the trapped exit
OK: an exiting step selects a real surviving register bank without inventing a single-step result
OK: the surviving debugger remains editable and restores the complete shared exit trap
OK: native stepping continues on the explicitly selected live sibling after task exit
OK: task-exit cleanup resumes the original console and releases the surviving kernel stop
OK: leader exit during an all-stop step completes without waiting for stopped siblings
OK: lifecycle stepping attaches and traps the selected native instruction
OK: the selected task reaches its real instruction with the thread group frozen
OK: the fixture publishes its original console work before the trapped exit
OK: an exiting step selects a real surviving register bank without inventing a single-step result
OK: the surviving debugger remains editable and restores the complete shared exit trap
OK: native stepping continues on the explicitly selected live sibling after task exit
OK: task-exit cleanup resumes the original console and releases the surviving kernel stop
OK: worker exit during an all-stop step retires its selected context
OK: lifecycle stepping attaches and traps the selected native instruction
OK: the selected task reaches its real instruction with the thread group frozen
OK: stepping the final thread's exit publishes process exit and retires the stopped snapshot
OK: last-thread exit during an all-stop step publishes its terminal event
OK: lifecycle stepping attaches and traps the selected native instruction
OK: the selected task reaches its real instruction with the thread group frozen
OK: the fixture publishes its original console work before the trapped exit
OK: a failed EXIT-stop detach retains the actual owner and frozen siblings without publishing completion
OK: process metadata and thread selection omit the irreversibly exiting leader before it becomes a zombie
OK: EXIT-stop recovery retries detach and rearms the original shared instruction before reporting the survivor
OK: an exiting step selects a real surviving register bank without inventing a single-step result
OK: the surviving debugger remains editable and restores the complete shared exit trap
OK: native stepping continues on the explicitly selected live sibling after task exit
OK: task-exit cleanup resumes the original console and releases the surviving kernel stop
OK: failed thread-exit detach is recoverable on the original debugger owner
OK: lifecycle stepping attaches and traps the selected native instruction
OK: the selected task reaches its real instruction with the thread group frozen
OK: stepping a genuine program INT1 or BRK preserves its signal instead of inventing syscall completion
OK: the original program trap is delivered and its actual process exit remains observable
OK: real program traps stay distinct from kernel syscall-step notifications
OK: lifecycle stepping attaches and traps the selected native instruction
OK: the selected task reaches its real instruction with the thread group frozen
OK: the fixture publishes its original console work before the trapped exit
OK: a nonleader exec drains sibling EXIT stops, adopts the renamed task and retires old-image traps
OK: the replacement program starts and completes console work after an all-stop nonleader exec step
OK: a nonleader exec step completes despite sibling exit and kernel TID replacement
OK: instruction tracing recognizes an actual native syscall-return step trap
OK: syscall tracing preserves its real return value and original console liveness
OK: native syscall instruction tracing restores its owner and preserves the program
OK: a debugger's parent process launches its own real target
OK: the debugger callback establishes the requested running or paused state before the launcher competes for notifications
OK: the launcher consumes the actual requested stop notification while the debugger retains ownership
OK: debugger cleanup releases an EXIT stop whose wait notification was consumed by its launcher
OK: same-process child reaping cannot deadlock debugger destruction
OK: a debugger's parent process launches its own real target
OK: the debugger callback establishes the requested running or paused state before the launcher competes for notifications
OK: the launcher consumes the actual requested stop notification while the debugger retains ownership
OK: a running debugger reports final exit automatically after its launcher consumes the EXIT notification
OK: debugger cleanup releases an EXIT stop whose wait notification was consumed by its launcher
OK: same-process child reaping preserves automatic final-exit notification
OK: a debugger's parent process launches its own real target
OK: the debugger callback establishes the requested running or paused state before the launcher competes for notifications
OK: the launcher consumes the actual requested stop notification while the debugger retains ownership
OK: a running debugger automatically releases a worker EXIT stop consumed by its launcher without stopping the survivor
OK: automatic worker-exit retirement preserves shared code and the original console work
OK: debugger cleanup releases an EXIT stop whose wait notification was consumed by its launcher
OK: same-process child reaping preserves automatic worker-exit retirement and target liveness
OK: a debugger's parent process launches its own real target
OK: the debugger callback establishes the requested running or paused state before the launcher competes for notifications
OK: the launcher consumes the actual requested stop notification while the debugger retains ownership
OK: failed automatic EXIT-stop detach retains the original owner and freezes the surviving thread for recovery
OK: automatic EXIT-stop recovery publishes the actual surviving register bank only after owned cleanup completes
OK: automatic worker-exit retirement preserves shared code and the original console work
OK: debugger cleanup releases an EXIT stop whose wait notification was consumed by its launcher
OK: same-process child reaping preserves recoverable automatic EXIT-stop cleanup
OK: a debugger's parent process launches its own real target
OK: the debugger callback establishes the requested running or paused state before the launcher competes for notifications
OK: the launcher consumes the actual requested stop notification while the debugger retains ownership
OK: a consumed program-trap notification still publishes its actual signal and fresh stopped register bank
OK: continuing a consumed program-trap stop delivers the original fatal signal exactly once
OK: debugger cleanup releases an EXIT stop whose wait notification was consumed by its launcher
OK: same-process child reaping preserves genuine program-trap handling and delivery
OK: a debugger's parent process launches its own real target
OK: the debugger callback establishes the requested running or paused state before the launcher competes for notifications
OK: the launcher consumes the actual requested stop notification while the debugger retains ownership
OK: a consumed CLONE notification still adopts and runs the real worker to completion
OK: a consumed CLONE stop restores every original shared syscall instruction byte
OK: the original parent console remains live after consumed CLONE and real worker exit
OK: debugger cleanup releases an EXIT stop whose wait notification was consumed by its launcher
OK: same-process child reaping preserves real CLONE adoption and worker execution
OK: a debugger's parent process launches its own real target
OK: the debugger callback establishes the requested running or paused state before the launcher competes for notifications
OK: the launcher consumes the actual requested stop notification while the debugger retains ownership
OK: a consumed EXEC notification retires old-image traps and publishes the replacement kernel register bank
OK: the replacement program starts and completes original console work after a consumed EXEC stop
OK: debugger cleanup releases an EXIT stop whose wait notification was consumed by its launcher
OK: same-process child reaping preserves actual EXEC adoption and replacement-image liveness
OK: a debugger's parent process launches its own real target
OK: the debugger callback establishes the requested running or paused state before the launcher competes for notifications
OK: the paused target is killed while its EXIT wait notification remains available to the debugger
OK: a paused debugger reports final exit automatically whether its launcher consumes the EXIT notification or leaves it queued
OK: debugger cleanup releases an EXIT stop whose wait notification was consumed by its launcher
OK: paused target death is observable without requiring another debugger command
OK: a debugger's parent process launches its own real target
OK: the debugger callback establishes the requested running or paused state before the launcher competes for notifications
OK: the launcher consumes the actual requested stop notification while the debugger retains ownership
OK: a paused debugger reports final exit automatically whether its launcher consumes the EXIT notification or leaves it queued
OK: debugger cleanup releases an EXIT stop whose wait notification was consumed by its launcher
OK: paused target death is observable without requiring another debugger command
OK: a same-process launcher publishes its real nonleader-exec target
OK: nonleader exec replaces its real TID while the owner is held after the actual leader detach
OK: the parent consumes the actual nonleader EXEC report at its replacement process TID
OK: the debugger recovers a consumed nonleader EXEC and adopts its actual replacement thread
OK: recovered nonleader EXEC retires old-image traps without replaying them into the replacement program
OK: a recovered nonleader replacement image starts and completes its original console work
OK: the recovered replacement process exits normally without retaining a kernel owner
OK: same-process child reaping preserves nonleader EXEC across kernel TID replacement
OK: a same-process launcher publishes its real nonleader-exec target
OK: the actual nonleader exec instruction is selected with its sibling frozen before an all-stop step
OK: nonleader exec replaces its real TID while the owner is held after the actual leader detach
OK: the parent consumes the actual nonleader EXEC report at its replacement process TID
OK: the debugger recovers a consumed nonleader EXEC and adopts its actual replacement thread
OK: recovered nonleader EXEC retires old-image traps without replaying them into the replacement program
OK: a recovered nonleader replacement image starts and completes its original console work
OK: the recovered replacement process exits normally without retaining a kernel owner
OK: same-process child reaping preserves nonleader EXEC across kernel TID replacement
OK: a same-process launcher publishes its real nonleader-exec target
OK: nonleader exec replaces its real TID while the owner is held after the actual leader detach
OK: the parent consumes the actual nonleader EXEC report at its replacement process TID
OK: the debugger recovers a consumed nonleader EXEC and adopts its actual replacement thread
OK: an actual exec with a failed context read still notifies image retirement without retaining an old register bank
OK: the existing exec owner retries a transient context read and exposes the real replacement register bank
OK: recovered nonleader EXEC retires old-image traps without replaying them into the replacement program
OK: a recovered nonleader replacement image starts and completes its original console work
OK: the recovered replacement process exits normally without retaining a kernel owner
OK: same-process child reaping preserves nonleader EXEC across kernel TID replacement
SESSION_THREAD_EXIT_RESULT=PASSED
OK: x64 syscall plan uses its Linux number and opcode
OK: compat mode in an ELF64 host uses mmap2 and the signed fd sentinel
OK: x32 retains a 64-bit result register and its separate syscall-number bit
OK: 32-bit syscall arguments cannot silently truncate addresses or lengths
OK: ARM and Thumb plans have distinct instruction widths
OK: ARM instruction byte order is independent of target data byte order
OK: unknown ARM instruction order cannot select an opcode
OK: ARM64 syscall plan uses svc zero and the native mmap number
OK: a Windows or unknown program descriptor cannot masquerade as a Linux syscall host
OK: real native syscall fixture starts
OK: fixture ELF declares the actual syscall ABI
SYSCALL_TARGET architecture=x86-32 abi=Linux i386 width=4 pageSize=4096
SYSCALL_KERNEL release=7.1.8-200.fc44.x86_64 machine=x86_64
OK: original target instructions are readable
OK: target mmap executes using its native register and syscall ABI
OK: allocated target memory is observable through real process_vm access
OK: target mprotect removes write access
OK: target munmap removes the allocated mapping
OK: syscall injection leaves original target instructions unchanged
OK: syscall restart state survives repeated attach/inject/restore/detach
OK: target mmap executes using its native register and syscall ABI
OK: allocated target memory is observable through real process_vm access
OK: target mprotect removes write access
OK: target munmap removes the allocated mapping
OK: syscall injection leaves original target instructions unchanged
OK: syscall restart state survives repeated attach/inject/restore/detach
OK: target mmap executes using its native register and syscall ABI
OK: allocated target memory is observable through real process_vm access
OK: target mprotect removes write access
OK: target munmap removes the allocated mapping
OK: syscall injection leaves original target instructions unchanged
OK: syscall restart state survives repeated attach/inject/restore/detach
OK: kernel syscall errors preserve target liveness and report the actual errno
OK: unmapping the current syscall instruction is rejected before any mutation
OK: removing execute access from the current syscall page preserves liveness
OK: application process API executes allocation/protection/free through the owner service
OK: a rejected low-address near-allocation candidate falls back to a usable gap
OK: application API exposes retained recovery after a real kernel restoration failure
OK: a new process handle recovers the original ptrace owner and cleans its unreturned allocation
OK: caller destruction retains the completed allocation until it is actually unmapped
OK: independent frontend threads share syscall ownership without conflicting ptrace attachment
OK: zero-size and overflowing application requests are rejected before target mutation
OK: page-rounded 32-bit allocations and preferred addresses cannot overflow the program address space
OK: service shutdown fixture has a stable target identity
OK: isolated service owns a real pending restoration at shutdown
OK: service shutdown finishes restoration and allocation cleanup on the original owner thread
OK: real completed mmap retains its allocation and a recovery ticket on restoration failure
OK: a different thread cannot replay a ptrace owner's recovery record
OK: recovery restores the actual target and is idempotent
OK: target continues executing after verified recovery
OK: completed-but-unreturned mmap can be cleaned up after recovery
OK: busy-code restoration fixture receives its command
OK: busy-code fixture publishes its wait flag
OK: code-restoration fault owns the only stopped thread before patching its busy instruction
OK: real completed mmap retains its allocation and a recovery ticket on restoration failure
OK: a different thread cannot replay a ptrace owner's recovery record
OK: recovery restores the actual target and is idempotent
OK: quiesced instruction recovery retains attachment until the original owner detaches
OK: restored busy-code target can leave its wait loop
OK: target continues executing after verified recovery
OK: completed-but-unreturned mmap can be cleaned up after recovery
OK: real completed mmap retains its allocation and a recovery ticket on restoration failure
OK: a different thread cannot replay a ptrace owner's recovery record
OK: recovery restores the actual target and is idempotent
OK: target continues executing after verified recovery
OK: completed-but-unreturned mmap can be cleaned up after recovery
OK: same-file exec fixture starts
OK: same-file exec fixture retains its original memory image
OK: original image is restored before fixture exec
OK: target really execs the same ELF file on the same PID
OK: same-file exec cannot be detected by PID/start-time/executable-inode alone
OK: old memory-image ownership rejects cleanup into a same-file replacement process
OK: separate target starts for exit during recovery
OK: exiting target retains a real failed-restoration record
OK: stopped recovery target can exit normally through the kernel
OK: exit clears recovery ownership without replaying dead registers or memory
OK: a real user SIGTRAP is delivered rather than swallowed as a single-step trap
OK: native debugger fixture starts
OK: native fixture seeds independent low and high SIMD register sentinels
OK: native debugger seizes a syscall-parked thread without a signal
OK: register context identifies the stopped thread ISA and native PC/SP
OK: native SIMD register bank is read through its architecture ABI
OK: SIMD reads preserve the fixture's independent 128-bit low and high register values
OK: native register edits reach the actual kernel register bank
OK: original register bank is restored before target execution
OK: a rejected register write restores earlier fields rather than leaving a partial kernel update
OK: a foreign register context cannot corrupt a stopped thread
OK: kernel reports the native hardware breakpoint bank
OK: an invalid breakpoint slot is rejected without changing another slot
OK: native hardware execution breakpoint arms at the real writer function
OK: execution breakpoint traps at the exact native instruction address
OK: native execution breakpoint is removed from its own bank
OK: a real hardware programming failure restores and verifies the previous native slot
OK: a failed hardware rollback is reported while ptrace ownership remains retained
OK: explicit recovery restores the saved native hardware bank before execution
OK: recovered breakpoint ownership can be released
OK: native single-step advances a real instruction and captures the new PC
OK: single-stepped writer completes before a separate watchpoint operation
OK: native debugger interrupts the running target without SIGSTOP
OK: native four-byte hardware write watchpoint arms at the actual data address
OK: a native write produces a genuine hardware-watchpoint trap
OK: native watchpoint reports the correct watched access and architecture timing
HARDWARE_WATCHPOINT timing=after-access
OK: watchpoint removal and status cleanup succeed before detach
OK: stepping with the watchpoint removed completes the actual native store
OK: target completes its command after native debugger detach
OK: target keeps executing with its original registers and no residual breakpoint
OK: same target can reattach for native software-breakpoint checks
OK: software-breakpoint fixture retains its exact original instruction bytes
OK: failed software-breakpoint verification retains the original bytes and recovery record
OK: software-breakpoint recovery restores real target code before another operation
OK: architecture-specific software trap installs on read-only executable code
OK: native software trap fires with the correct architecture-specific PC semantics
OK: software breakpoint restores exact code and adjacent bytes, and cleanup is idempotent
OK: restored original instruction executes after the software trap is removed
OK: target completes the original writer after software-breakpoint recovery and detach
OK: target stays live after both native software and hardware breakpoint cycles
DEBUG_BACKEND_RESULT=PASSED architecture=x86-32
OK: full debugger session fixture exposes actual code and call sites
OK: full session fixture seeds native SIMD values before attachment
OK: application DebugSession attaches through its real owner thread and all-stop loop
OK: full session publishes the actual ISA and complete native SIMD register bank
OK: frontend register edits execute on the session owner and restore the original bank
OK: full session retains a failed software installation and its original code
OK: full session retries failed code restoration on the same ptrace owner
OK: full session installs its native software breakpoint
OK: full event loop attributes the software trap and restores the correct native PC
OK: full session steps the original instruction and rearms the software breakpoint
OK: session removal restores all native instruction bytes and their neighbors
OK: target completes its original writer after session single-step
OK: full session preserves a separate watchpoint in another native slot
OK: full session arms a data watchpoint while the target is running
OK: full session attributes the actual native hardware watchpoint
OK: continuing a native watchpoint executes its store without retrapping or losing liveness
OK: full session attributes the actual native hardware watchpoint
OK: continuing a native watchpoint executes its store without retrapping or losing liveness
OK: full session attributes the actual native hardware watchpoint
OK: continuing a native watchpoint executes its store without retrapping or losing liveness
OK: session follows a newly cloned writer thread and stops the whole target at its watchpoint
OK: full session can inspect and select both stopped thread register banks
OK: new writer thread continues and exits after its native watchpoint
OK: full session removes the native data watchpoint from every traced thread
OK: removing one native watchpoint preserves the independently owned slot until its removal
OK: full session stops at the real native call instruction
OK: step-over decodes the target ISA and completes at the native call return address
OK: native call breakpoint removes cleanly after step-over
OK: native caller completes after step-over without code or stack corruption
OK: entry step-out uses the native saved return register or stack slot
OK: native caller keeps executing after callee step-out
OK: run-to-cursor executes and restores its architecture-specific temporary breakpoint
OK: native return instruction executes after temporary breakpoint cleanup
OK: exec discards old breakpoint ownership without writing old code into the replacement image
OK: replacement program starts after the full debugger exec stop
OK: replacement program runs with no residual old-image breakpoint
OK: full session detach drains restoration on its original owner thread
OK: target remains live after full session detach and exec transition
DEBUG_SESSION_RESULT=PASSED architecture=x86-32
OK: session interrupted-step fixture starts
OK: session reaches an owned trap before an interrupted instruction step
OK: a signal during single-step keeps the target stopped until software traps are safely rearmed
OK: continuing an interrupted step forwards its signal and executes the original instruction
OK: interrupted-step breakpoint cleanup succeeds
OK: session destruction fixture starts
OK: session owns a planted trap before caller destruction
OK: caller destruction retains ptrace ownership until failed code cleanup can be verified
OK: session destruction retries and verifies the exact original instruction bytes
OK: target remains live after session destruction and failed cleanup recovery
OK: session signal-delivery fixture starts
OK: full session attaches before testing a genuine user signal
OK: a genuine user SIGTRAP is surfaced without being confused with an owned breakpoint
OK: continuing an exception breakpoint preserves genuine signal delivery and process-exit notification
DEBUG_RECOVERY_RESULT=PASSED
OK: native instruction-trace fixture starts
OK: instruction tracing reports readiness only after native execution breakpoints are armed
OK: overlapping trace requests cannot reset cancellation or seize a second owner
OK: real instruction tracing publishes native PCs, register banks and decoded instructions
OK: instruction tracing restores native hardware state and leaves the writer alive
OK: instruction trace steps over native calls and stops at the requested return instruction
OK: native call trace restores its temporary execution breakpoint without stack corruption
OK: waiting instruction trace cancels and drains its ptrace owner
OK: target continues after cancelling an armed instruction trace
OK: failed trace hardware cleanup retains the real ptrace stop and its original bank
OK: trace cleanup retries on its owner and leaves no residual execution breakpoint
OK: instruction tracing adopts and arms a newly cloned writer before its first instruction
OK: new writer exits and target stays live after cloned-thread trace cleanup
OK: exec ends an armed trace and discards old-image hardware restoration records
OK: replacement image runs after trace exec without an old-image breakpoint
OK: exit during failed trace cleanup retires ownership without hanging on a dead register bank
OK: an armed trace forwards genuine user SIGTRAP rather than swallowing it as its own breakpoint
TRACE_BACKEND_RESULT=PASSED architecture=x86-32
OK: native CodeFinder fixture starts
OK: fixture exposes an independently decoded native store instruction
OK: CodeFinder fixture retains occupied and previously configured disabled slots before monitoring
OK: real CodeFinder arms native data banks before reporting startup success
OK: target completes a native store while CodeFinder records and rearms its watchpoint
OK: target completes a native store while CodeFinder records and rearms its watchpoint
OK: target completes a native store while CodeFinder records and rearms its watchpoint
OK: CodeFinder reports the exact native store and correct pre/post-access register timing
OK: CodeFinder arms a newly cloned writer before its first store and lets it exit
OK: CodeFinder attributes cloned-thread accesses to the same real writer instruction
OK: CodeFinder restores every original native bank and detaches without a residual watchpoint
OK: CodeFinder preserves the independent slot exactly and restores all addresses and enable/control state
OK: ARM64 hardware cleanup does not create unused later-slot perf events
OK: independently owned test watchpoint removes cleanly after CodeFinder restoration
OK: failed CodeFinder cleanup keeps its owner, stopped target and exact original hardware bank
OK: CodeFinder retries failed hardware restoration before releasing the target
OK: failed CodeFinder startup retains cleanup ownership after a partially written bank
OK: failed CodeFinder startup restores the target before returning failure
OK: CodeFinder ends on exec without replaying old-image debug banks
OK: replacement image runs without an old-image CodeFinder watchpoint
OK: CodeFinder preserves genuine user SIGTRAP delivery instead of swallowing the signal
OK: target exit drains failed CodeFinder cleanup without hanging on a dead bank
CODEFINDER_BACKEND_RESULT=PASSED architecture=x86-32
OK: stopped native syscall fixture starts
OK: stopped syscall fixture owns a private executable scratch page
OK: an initialization error reported after real target mutation restores every native register, syscall slot and instruction before returning ownership
OK: an initialization error reported after real target mutation restores every native register, syscall slot and instruction before returning ownership
OK: stopped syscall uses the native register ABI and really changes target protection
OK: private-gadget syscall restores native registers, shared code and the existing ptrace relationship
OK: stopped syscall failure retains exact register recovery and the completed protection result
OK: stopped syscall recovery restores on the existing owner without detaching it
OK: quiesced syscall releases its scratch page and restores exact shared program instructions
OK: stopped syscall scratch cleanup and detach preserve the original blocked-read restart state
STOPPED_SYSCALL_RESULT=PASSED architecture=x86-32
OK: native software CodeFinder fixture starts
OK: software CodeFinder arms its real native page guard before startup succeeds
OK: software watchpoint executes a native store and rearms its page guard without losing liveness
OK: software watchpoint executes a native store and rearms its page guard without losing liveness
OK: software watchpoint executes a native store and rearms its page guard without losing liveness
OK: software CodeFinder records the native faulting store and its register context
OK: software CodeFinder follows a newly cloned writer without exposing an untraced page fault
OK: software CodeFinder restores exact page permissions and releases its syscall scratch mapping before detach
OK: software cleanup retains native register recovery and the real stopped-thread owner
OK: software cleanup retries native restoration and leaves no permission or mapping residue
OK: software CodeFinder retires old page/scratch ownership on exec without changing the replacement image
OK: replacement program executes after software watchpoint exec cleanup
SOFTWARE_CODEFINDER_RESULT=PASSED architecture=x86-32
OK: hardware job-control fixture arms
OK: CodeFinder preserves a real group stop while a requested write stays pending
OK: SIGCONT resumes the target and native monitoring still records its pending store
OK: detaching CodeFinder preserves the target's preexisting job-control stop
OK: the detached target runs normally after its owner sends SIGCONT
OK: software job-control fixture arms
OK: CodeFinder preserves a real group stop while a requested write stays pending
OK: SIGCONT resumes the target and native monitoring still records its pending store
OK: detaching CodeFinder preserves the target's preexisting job-control stop
OK: the detached target runs normally after its owner sends SIGCONT
OK: a real ignored signal during software gadget execution survives cleanup and the original store completes
OK: signal-interrupted software watchpoint cleanup leaves no page guard or scratch residue
CODEFINDER_SIGNAL_RESULT=PASSED architecture=x86-32
OK: leader-exit fixture publishes its actual target format and memory
OK: the actual kernel retires the leader while its console sibling remains alive
OK: existing and newly opened handles retain real metadata after leader exit
OK: process reads use a live member after the group leader releases its memory
OK: process writes preserve original console work after leader exit
OK: batched scanner reads follow the live address space after leader exit
OK: memory maps, module backing files and surviving threads remain available
OK: selected-thread inspection reads the surviving thread and releases its real stop
OK: process-level memory allocation selects a live thread after leader exit
OK: live-thread memory operations preserve protection, remove allocations and resume console work
OK: failed live-member restoration retains its unreturned mapping against the original process identity
OK: another frontend recovers the live member and releases its unreturned mapping after leader exit
OK: full debugger retains the original process PID and selects an actual surviving stopped thread
OK: leaderless debugger reports the real surviving writer's software breakpoint
OK: leaderless debugger single-steps native code and restores its complete trap bytes
OK: leaderless debugger cleanup releases the selected stop and preserves original console execution
OK: leaderless instruction tracing captures actual surviving-thread registers and native decoding
OK: leaderless trace cleanup restores the real hardware bank and original console work
OK: all-thread CodeFinder monitors the actual surviving writer after leader exit
OK: leaderless CodeFinder cleanup restores kernel watchpoints and resumes console work
OK: native single-thread CodeFinder selects a live member after leader exit
OK: leaderless CodeFinder cleanup restores kernel watchpoints and resumes console work
OK: the original process handle retires only after the last live member exits
LEADER_EXIT_RESULT=PASSED
OK: concurrent frontend metadata and an owned inspection callback complete without a lock-order deadlock
OK: image-metadata recovery starts a real syscall-parked target
OK: unavailable executable metadata after real mmap retains its allocation and original stopped owner
OK: restored executable metadata permits verified GP/restart recovery and original console work
OK: completed but unreturned mmap is released after metadata and register recovery
OK: unavailable image metadata with a stale requested birth retains the actual seized task without calling user code
OK: cleanup binds to the actual seized task birth rather than retiring a stale caller identity
OK: brokered metadata recovery starts a separate real target
OK: the application broker never returns a mapping while live metadata failure leaves GP restoration pending
OK: process recovery owns and unmaps the unreturned allocation after executable metadata becomes readable
OK: thread inspection starts a real syscall-parked native target
OK: owned inspection reads registers and stack together then releases the actual kernel stop
OK: real kernel edit merges a changed GP register without replaying stale PC or SP
OK: register edit can restore the target's original general register
OK: failed inspection callback restores its real register mutation and retains syscall restart
OK: inspection detach failure retains ownership beyond the frontend callback
OK: native service recovers retained inspection ownership on its original thread
OK: all inspections and edit rollback preserve the target's original blocked read
OK: inspection concurrency fixture has a real running sibling
OK: inspecting one selected thread leaves its shared-code sibling running
OK: failed sibling inspection reports pending recovery against its process without seizing the whole group
OK: process-level recovery releases the retained selected sibling on its original owner
OK: selected-thread inspections preserve both real threads and original console work
OK: preflight recovery starts a real native target
OK: failure before syscall execution retains the actual ptrace owner without an invented allocation
OK: preflight recovery refuses a different host owner thread
OK: preflight recovery releases the original attachment and is idempotent
OK: the untouched target resumes its original blocked read and console work after preflight recovery
OK: preflight recovery starts a real native target
OK: failure before syscall execution retains the actual ptrace owner without an invented allocation
OK: preflight recovery refuses a different host owner thread
OK: preflight recovery releases the original attachment and is idempotent
OK: the untouched target resumes its original blocked read and console work after preflight recovery
OK: preflight recovery starts a real native target
OK: failure before syscall execution retains the actual ptrace owner without an invented allocation
OK: preflight recovery refuses a different host owner thread
OK: preflight recovery releases the original attachment and is idempotent
OK: the untouched target resumes its original blocked read and console work after preflight recovery
OK: preflight recovery starts a real native target
OK: failure before syscall execution retains the actual ptrace owner without an invented allocation
OK: preflight recovery refuses a different host owner thread
OK: preflight recovery releases the original attachment and is idempotent
OK: the untouched target resumes its original blocked read and console work after preflight recovery
OK: preflight recovery starts a real native target
OK: failure before syscall execution retains the actual ptrace owner without an invented allocation
OK: preflight recovery refuses a different host owner thread
OK: preflight recovery releases the original attachment and is idempotent
OK: the untouched target resumes its original blocked read and console work after preflight recovery
OK: allocation preflight starts a separate real native target
OK: failure allocating recovery ownership occurs before any ptrace attachment or target execution
OK: allocation failure before attachment leaves the target running normally
OK: exit preflight recovery starts a separate real native target
OK: an untouched stopped target retains preflight ownership before exit
OK: preflight ownership retires idempotently after real target exit without replaying an unfinished snapshot
OK: service preflight recovery starts a separate real native target
OK: the application service retains preflight detach failure through caller destruction
OK: a new application handle recovers the original preflight ptrace owner without a register snapshot
OK: service preflight recovery preserves the real target's blocked read and continued execution
PREFLIGHT_RECOVERY_RESULT=PASSED architecture=x86-32
OK: native function fixture starts a real process
OK: fixture publishes real native callable functions and their wait controls
OK: native call uses an executable private page and a separate guarded private stack
OK: a real blocked read, including ARM64's cleared syscall slot and rewound SVC, rejects a native call before private code or context mutation
OK: the refused parked-thread call resumes the original blocked read and console work
OK: call fixture seeds SIMD state and reaches an actual user-mode stop
OK: native function snapshots every kernel GP and extended register, signal mask and original stack bytes
OK: eight native arguments, including x86 stack arguments, return exactly and restore SIMD, GP, mask and original stack bytes
OK: a private call frame can be reused without leaking target register or stack state
OK: a transient return-register or opcode read failure retains the unclassified stop without reporting a result
OK: retry classifies the saved return stop before continuing and restores the completed call exactly
OK: a transient return-register or opcode read failure retains the unclassified stop without reporting a result
OK: retry classifies the saved return stop before continuing and restores the completed call exactly
OK: a real timeout interrupt racing the queued return trap is drained in private code before original context restoration
OK: a raced timeout leaves no stale owned interrupt for the next native call
OK: a reported setup error after a real private instruction or register write restores the original context without running the callee
OK: a reported setup error after a real private instruction or register write restores the original context without running the callee
OK: failure restoring a completed native call retains the actual return value and exact owner recovery
OK: retry restores a completed call without invoking the function a second time
OK: a real unfinished callee is bounded by its timeout and retains ownership without inventing a return value
OK: an unfinished native call refuses recovery from a different host owner thread
OK: an external signal or foreign SIGTRAP remains a delivery stop rather than being mistaken for the private return trap
OK: retry does not silently suppress an undecided native call signal
OK: an explicit signal decision completes the original callee, restores its context and makes recovery idempotent
OK: a real unfinished callee is bounded by its timeout and retains ownership without inventing a return value
OK: an unfinished native call refuses recovery from a different host owner thread
OK: an external signal or foreign SIGTRAP remains a delivery stop rather than being mistaken for the private return trap
OK: retry does not silently suppress an undecided native call signal
OK: an explicit signal decision completes the original callee, restores its context and makes recovery idempotent
OK: an owned existing syscall releases the private frame without touching shared code or detaching
OK: native call and cleanup resume the original CPU loop and console work
OK: a genuine callee segmentation fault retains its real signal stop and never reports a successful function result
OK: a dead faulting callee retires recovery without replaying registers or fabricating a result
STOPPED_FUNCTION_RESULT=PASSED architecture=x86-32
OK: shared native call owner starts a real target
OK: shared owner fixture publishes callable ABI and resource-lease functions
OK: two real threads keep running while the call owner selects only one thread
OK: shared owner completes a native call and restores the exact mapping/protection list before releasing ownership
OK: a callee's real thread-directed signal follows the requested delivery policy and still returns its actual result
OK: a timed-out call retains its private frame and shared owner across frontend failure
OK: a sibling makes real CPU progress while the selected native call retains ownership
OK: memory operations and caller destruction cannot seize a second owner or discard a live call frame
OK: shared owner retains a genuine external SIGTRAP until an explicit signal decision
OK: a new frontend resumes the original call on its existing owner and releases every private mapping
OK: a successful resource-producing call keeps a client lease without retaining a private frame or blocking other calls
OK: destroying the resource result schedules one native detach and cleans its replacement frame without frontend ownership
OK: a resource lease explicitly released after target cleanup never performs a duplicate detach
OK: shared call recovery leaves both original threads and console work live
NATIVE_CALL_OWNER_RESULT=PASSED architecture=x86-32
OK: shared-code syscall fixture starts
OK: two real native threads execute the same busy function while sharing program code
OK: transient mmap/mprotect/munmap use existing native syscall instructions without any program-code write
OK: the unseized sibling keeps making progress through shared code during transient memory operations
OK: all readable non-writable executable mappings stay byte-for-byte unchanged
OK: both busy threads finish normally and the original blocked-read restart state survives
SHARED_SYSCALL_RESULT=PASSED architecture=x86-32
OK: syscall-policy fixture starts
OK: the actual target installs a kernel seccomp filter trapping its native mmap syscall
OK: a kernel-denied synthetic syscall reports permission failure without inventing a completed allocation
OK: the denied operation preserves the filter and original target context without injecting a synthetic SIGSYS
OK: other native syscalls still reach the kernel under the unchanged target policy
SYSCALL_POLICY_RESULT=PASSED architecture=x86-32
OK: real native syscall-user-dispatch fixture starts
OK: the fixture publishes its real dispatch selector, exact syscall range and CPU-loop counters
OK: the actual kernel enables syscall-user-dispatch with the fixture's exact configuration
OK: the configured syscall-user-dispatch target reaches its real CPU loop before memory operations
OK: real memory syscalls use the exact always-native range or an allowing selector without patching code
OK: the dispatch selector and complete kernel configuration remain unchanged
OK: the CPU loop continues under its original syscall-user-dispatch configuration
OK: the target disables its own dispatch mode and resumes ordinary console work after context restoration
OK: real native syscall-user-dispatch fixture starts
OK: the fixture publishes its real dispatch selector, exact syscall range and CPU-loop counters
OK: the actual kernel enables syscall-user-dispatch with the fixture's exact configuration
OK: the configured syscall-user-dispatch target reaches its real CPU loop before memory operations
OK: real memory syscalls use the exact always-native range or an allowing selector without patching code
OK: the dispatch selector and complete kernel configuration remain unchanged
OK: the CPU loop continues under its original syscall-user-dispatch configuration
OK: the target disables its own dispatch mode and resumes ordinary console work after context restoration
OK: real native syscall-user-dispatch fixture starts
OK: the fixture publishes its real dispatch selector, exact syscall range and CPU-loop counters
OK: the actual kernel enables syscall-user-dispatch with the fixture's exact configuration
OK: the configured syscall-user-dispatch target reaches its real CPU loop before memory operations
OK: real memory syscalls use the exact always-native range or an allowing selector without patching code
OK: the dispatch selector and complete kernel configuration remain unchanged
OK: the CPU loop continues under its original syscall-user-dispatch configuration
OK: the target disables its own dispatch mode and resumes ordinary console work after context restoration
OK: real native syscall-user-dispatch fixture starts
OK: the fixture publishes its real dispatch selector, exact syscall range and CPU-loop counters
OK: the actual kernel enables syscall-user-dispatch with the fixture's exact configuration
OK: the configured syscall-user-dispatch target reaches its real CPU loop before memory operations
OK: a blocked selector without a native dispatcher rejects the operation before any target mutation
OK: the dispatch selector and complete kernel configuration remain unchanged
OK: the CPU loop continues under its original syscall-user-dispatch configuration
OK: the target disables its own dispatch mode and resumes ordinary console work after context restoration
SYSCALL_DISPATCH_RESULT=PASSED
0 failed target syscall checks
[32m✓ native syscall restoration faults and recovery[0m
OK: real dynamic libc/pthread fixture starts
OK: live native call ABI matches the real process
OK: library symlink with a different basename is created
OK: dlopen through a symlink runs the real target constructor
OK: an already loaded library returns its native handle without rerunning its constructor
OK: embedded NUL library paths are rejected before target execution
OK: non-executable thread entries are rejected before pthread_create
OK: a real native pthread executes, returns, and exits before completion is reported
OK: owned thread data is allocated for lifetime checks
OK: a waiting pthread reaches the deadline and is detached without an unbounded join
OK: the remote pthread has an actual Linux thread identity
OK: destroying the creating frontend does not permit freeing or protecting live worker storage
OK: the target's main loop keeps running while its new pthread waits
OK: the timed-out detached pthread later returns normally using its still-mapped code and data
OK: owned worker storage can be freed after actual kernel thread exit
OK: a fire-and-forget pthread is detached and completes normally
OK: Lua validates paths/timeouts, completes native calls, and reports an actual running-thread timeout
OK: a worker that calls pthread_detach on itself still completes by kernel thread identity
OK: pthread_exit without returning through the wrapper releases ownership after kernel exit
OK: late pthread creation has a real target callback and owned storage
OK: timed-out pthread creation retains ownership and storage before returning its handle
OK: an abandoned late-created worker is cancelled before entering user code and releases its storage
OK: engine process exit does not wait for a detached running target worker
OK: a detached worker returns normally after its engine process has exited
NATIVE_THREAD_LIFETIME_RESULT=PASSED width=8
OK: timed-out AA execution retains its running code cave for retry
OK: AA disable refuses to restore or unmap code while its detached worker is alive
OK: retrying AA cleanup after actual worker exit frees the retained code cave
OK: asynchronous AA execution retains its worker allocation
OK: AA disable refuses to restore or unmap code while its detached worker is alive
OK: retrying AA cleanup after actual worker exit frees the retained code cave
OK: failure to create a second AA thread retains the first worker's code
OK: AA disable refuses to restore or unmap code while its detached worker is alive
OK: retrying AA cleanup after actual worker exit frees the retained code cave
AUTOASM_THREAD_LIFETIME_RESULT=PASSED width=8
OK: the original application and blocked-read sibling finish normally after injection
OK: actual glibc pthread_exit retires main while console and CPU-loop siblings survive
OK: a newly opened handle reads the real ABI and memory of a leaderless glibc process
OK: leaderless process symbol loading follows live module and filesystem metadata
OK: native library constructors execute in a real glibc process after main pthread_exit
OK: native pthread creation and actual worker-exit ownership remain usable after leader exit
OK: leaderless glibc memory operations preserve protection and release the actual mapping
OK: surviving glibc siblings continue CPU work without residual native recovery
OK: the last glibc siblings finish console work and retire the original process identity
LEADER_NATIVE_CALL_RESULT=PASSED width=8
OK: a real native process starts its relative timed kernel wait
OK: wholly syscall-parked native targets reject calls without creating a thread or retaining ownership
OK: rejected calls preserve the original timed kernel wait and normal process completion
PARKED_NATIVE_CALL_RESULT=PASSED width=8
NATIVE_INJECTOR_RESULT=PASSED width=8
[32m✓ real libc/pthread injection[0m
[32m✓ executable code writes and recovery[0m
[32m✓ scan_test[0m
[32m✓ gui_debugger_smoke[0m
[32m✓ gui_theme_smoke[0m
[32m✓ gui_guest_scan_smoke[0m
[32m✓ gui_structdissect_smoke[0m
[32m✓ gui_hexview_smoke[0m
[32m✓ gui_disasm_smoke[0m
[32m✓ gui_search_smoke[0m
[32m✓ gui_changeaddr_smoke[0m
[32m✓ gui_luaconsole_smoke[0m
[32m✓ gui_codefinder_smoke[0m
[32m✓ gui_lifecycle_smoke[0m
[32m✓ wayland_shortcuts_test[0m
[32m✓ cescan launches[0m
CLI usability: 22 workflow checks passed
[32m✓ CLI usability workflows[0m
Testing wine-11.0 (Staging) on Linux-7.1.8-200.fc44.x86_64-x86_64-with-glibc2.43
OK: real PE32+ console fixture runs
OK: Windows fixture has an identified descendant Linux process
Wine target pid=364137 host=Linux x86-64 program=Windows x64 pointers=8
OK: Wine metadata reports the Windows program ABI
OK: program-width pointer writes preserve the neighboring Windows field
OK: Windows program observes the cross-process typed write
OK: instruction selection follows the PE code module
OK: injection activates at the real Windows function
OK: Windows instructions execute correctly through the relocated injection
OK: Wine cleanup restores exact bytes and page permissions
OK: Windows target keeps executing after injection cleanup
OK: Wine main-thread hardware watchpoint attaches
OK: Windows target runs while the watchpoint records its writer
OK: Wine hardware watchpoint identifies the exact Windows writer instruction
OK: Wine target stays live after watchpoint detach
OK: Wine main-thread hardware watchpoint attaches
OK: Windows target runs while the watchpoint records its writer
OK: Wine hardware watchpoint identifies the exact Windows writer instruction
OK: Wine target stays live after watchpoint detach
OK: Wine main-thread hardware watchpoint attaches
OK: Windows target runs while the watchpoint records its writer
OK: Wine hardware watchpoint identifies the exact Windows writer instruction
OK: Wine target stays live after watchpoint detach
OK: Windows fixture enters a real CPU loop with no Unix syscall parked on its main thread
OK: the busy Windows loop makes progress before transient memory operations
Wine busy dispatch query=0 mode=0 selector=0 range=0/0
OK: the busy target is stopped in the actual Windows register mode and PE instruction range
OK: shared thread inspection reads real Windows register mode and target-width stack without retaining a stop
OK: busy Wine memory allocation uses the Unix host ABI and fits the Windows pointer width
OK: allocated memory is accessible while the Windows CPU loop continues
OK: busy Wine protection really removes direct kernel write access
OK: busy Wine cleanup removes the real allocation
OK: busy Wine memory allocation uses the Unix host ABI and fits the Windows pointer width
OK: allocated memory is accessible while the Windows CPU loop continues
OK: busy Wine protection really removes direct kernel write access
OK: busy Wine cleanup removes the real allocation
OK: busy Wine memory allocation uses the Unix host ABI and fits the Windows pointer width
OK: allocated memory is accessible while the Windows CPU loop continues
OK: busy Wine protection really removes direct kernel write access
OK: busy Wine cleanup removes the real allocation
OK: the Windows CPU loop stays live and makes progress through repeated transient operations
OK: all Windows general registers, segments and execution mode survive native memory operations exactly
OK: the Windows program exits its loop and resumes normal console work with its original register state
WINE_BUSY_RESULT=PASSED programWidth=8
OK: real PE32 console fixture runs
OK: Windows fixture has an identified descendant Linux process
Wine target pid=364219 host=Linux x86-64 program=Windows i386 pointers=4
OK: Wine metadata reports the Windows program ABI
OK: program-width pointer writes preserve the neighboring Windows field
OK: Windows program observes the cross-process typed write
OK: instruction selection follows the PE code module
OK: injection activates at the real Windows function
OK: Windows instructions execute correctly through the relocated injection
OK: Wine cleanup restores exact bytes and page permissions
OK: Windows target keeps executing after injection cleanup
OK: Wine main-thread hardware watchpoint attaches
OK: Windows target runs while the watchpoint records its writer
OK: Wine hardware watchpoint identifies the exact Windows writer instruction
OK: Wine target stays live after watchpoint detach
OK: Wine main-thread hardware watchpoint attaches
OK: Windows target runs while the watchpoint records its writer
OK: Wine hardware watchpoint identifies the exact Windows writer instruction
OK: Wine target stays live after watchpoint detach
OK: Wine main-thread hardware watchpoint attaches
OK: Windows target runs while the watchpoint records its writer
OK: Wine hardware watchpoint identifies the exact Windows writer instruction
OK: Wine target stays live after watchpoint detach
OK: Windows fixture enters a real CPU loop with no Unix syscall parked on its main thread
OK: the busy Windows loop makes progress before transient memory operations
Wine busy dispatch query=0 mode=0 selector=0 range=0/0
OK: the busy target is stopped in the actual Windows register mode and PE instruction range
OK: shared thread inspection reads real Windows register mode and target-width stack without retaining a stop
OK: a page-rounded allocation wider than Windows pointers is rejected before target mutation
OK: busy Wine memory allocation uses the Unix host ABI and fits the Windows pointer width
OK: allocated memory is accessible while the Windows CPU loop continues
OK: busy Wine protection really removes direct kernel write access
OK: busy Wine cleanup removes the real allocation
OK: busy Wine memory allocation uses the Unix host ABI and fits the Windows pointer width
OK: allocated memory is accessible while the Windows CPU loop continues
OK: busy Wine protection really removes direct kernel write access
OK: busy Wine cleanup removes the real allocation
OK: busy Wine memory allocation uses the Unix host ABI and fits the Windows pointer width
OK: allocated memory is accessible while the Windows CPU loop continues
OK: busy Wine protection really removes direct kernel write access
OK: busy Wine cleanup removes the real allocation
OK: virtual reservations occupy the low native allocation window without touching existing Wine mappings
OK: the actual kernel rejects its exhausted low-address allocation window with ENOMEM
OK: default WoW64 allocation remains usable when the kernel's preferred low-address window is exhausted
OK: the pressure test removes every temporary allocation and reservation
Wine loader allocation module=wine-preloader base=7d7d00000000 selectedAbi=Linux x86-64 result=7d7cfffff000
OK: module-specific allocation near the 64-bit Unix loader retains its own wide address space in WoW64
OK: the Windows CPU loop stays live and makes progress through repeated transient operations
OK: all Windows general registers, segments and execution mode survive native memory operations exactly
OK: the Windows program exits its loop and resumes normal console work with its original register state
WINE_BUSY_RESULT=PASSED programWidth=4
0 failed Wine integration checks
[32m✓ real Wine PE32/PE32+ integration[0m

[32m== CI mirror passed — safe to push ==[0m
